/*
 Navicat Premium Data Transfer

 Source Server         : localhost_3306
 Source Server Type    : MySQL
 Source Server Version : 80011
 Source Host           : localhost:3306
 Source Schema         : vuecms

 Target Server Type    : MySQL
 Target Server Version : 80011
 File Encoding         : 65001

 Date: 06/11/2018 22:19:03
*/

SET NAMES utf8mb4;
SET FOREIGN_KEY_CHECKS = 0;

-- ----------------------------
-- Table structure for goods_picture
-- ----------------------------
DROP TABLE IF EXISTS `goods_picture`;
CREATE TABLE `goods_picture`  (
  `goods_id` int(11) NOT NULL,
  `img` varchar(255) CHARACTER SET utf8 COLLATE utf8_general_ci NULL DEFAULT NULL
) ENGINE = InnoDB CHARACTER SET = utf8 COLLATE = utf8_general_ci ROW_FORMAT = Dynamic;

-- ----------------------------
-- Records of goods_picture
-- ----------------------------
INSERT INTO `goods_picture` VALUES (1, 'https://res.samsungeshop.com.cn/resources/2018/10/29/154081921883510_570X570.jpg');
INSERT INTO `goods_picture` VALUES (1, 'https://res.samsungeshop.com.cn/resources/2018/3/14/15210099245309881_570X570.jpg');
INSERT INTO `goods_picture` VALUES (1, 'https://res.samsungeshop.com.cn/resources/2018/3/14/15210100023096900_570X570.jpg');
INSERT INTO `goods_picture` VALUES (1, 'https://res.samsungeshop.com.cn/resources/2018/3/14/15210099933776149_570X570.jpg');
INSERT INTO `goods_picture` VALUES (2, 'https://res.samsungeshop.com.cn/resources/2018/11/2/15411598824927316_570X570.jpg');
INSERT INTO `goods_picture` VALUES (2, 'https://res.samsungeshop.com.cn/resources/2018/9/11/15366540528318522_570X570.jpg');
INSERT INTO `goods_picture` VALUES (2, 'https://res.samsungeshop.com.cn/resources/2018/8/8/15337318093296795_570X570.jpg');
INSERT INTO `goods_picture` VALUES (2, 'https://res.samsungeshop.com.cn/resources/2018/8/8/15337318182121202_570X570.jpg');
INSERT INTO `goods_picture` VALUES (3, 'https://res.samsungeshop.com.cn/resources/2018/9/29/15381937219706272_570X570.jpg');
INSERT INTO `goods_picture` VALUES (3, 'https://res.samsungeshop.com.cn/resources/2017/5/16/14949024867125191_570X570.jpg');
INSERT INTO `goods_picture` VALUES (3, 'https://res.samsungeshop.com.cn/resources/2017/5/16/14949024957636110_570X570.jpg');
INSERT INTO `goods_picture` VALUES (3, 'https://res.samsungeshop.com.cn/resources/2017/5/16/14949025112405604_570X570.jpg');
INSERT INTO `goods_picture` VALUES (4, 'https://res.samsungeshop.com.cn/resources/2018/8/27/15353645479244785_570X570.jpg');
INSERT INTO `goods_picture` VALUES (4, 'https://res.samsungeshop.com.cn/resources/2018/8/27/15353645479244785_570X570.jpg');
INSERT INTO `goods_picture` VALUES (4, 'https://res.samsungeshop.com.cn/resources/2018/8/27/15353645479244785_570X570.jpg');
INSERT INTO `goods_picture` VALUES (4, 'https://res.samsungeshop.com.cn/resources/2018/8/27/15353645479244785_570X570.jpg');
INSERT INTO `goods_picture` VALUES (5, 'https://res.samsungeshop.com.cn/resources/2018/3/6/15203313247107390_570X570.jpg');
INSERT INTO `goods_picture` VALUES (5, 'https://res.samsungeshop.com.cn/resources/2018/3/6/15203313247107390_570X570.jpg');
INSERT INTO `goods_picture` VALUES (5, 'https://res.samsungeshop.com.cn/resources/2018/3/6/15203313247107390_570X570.jpg');
INSERT INTO `goods_picture` VALUES (5, 'https://res.samsungeshop.com.cn/resources/2018/3/6/15203313247107390_570X570.jpg');
INSERT INTO `goods_picture` VALUES (6, 'https://res.samsungeshop.com.cn/resources/2018/10/24/15403205511873536_570X570.jpg');
INSERT INTO `goods_picture` VALUES (6, 'https://res.samsungeshop.com.cn/resources/2018/10/24/15403205511873536_570X570.jpg');
INSERT INTO `goods_picture` VALUES (6, 'https://res.samsungeshop.com.cn/resources/2018/10/24/15403205511873536_570X570.jpg');
INSERT INTO `goods_picture` VALUES (6, 'https://res.samsungeshop.com.cn/resources/2018/10/24/15403205511873536_570X570.jpg');
INSERT INTO `goods_picture` VALUES (7, 'https://res.samsungeshop.com.cn/resources/2018/10/30/15408800632629988_570X570.jpg');
INSERT INTO `goods_picture` VALUES (7, 'https://res.samsungeshop.com.cn/resources/2018/10/30/15408800632629988_570X570.jpg');
INSERT INTO `goods_picture` VALUES (7, 'https://res.samsungeshop.com.cn/resources/2018/10/30/15408800632629988_570X570.jpg');
INSERT INTO `goods_picture` VALUES (7, 'https://res.samsungeshop.com.cn/resources/2018/10/30/15408800632629988_570X570.jpg');
INSERT INTO `goods_picture` VALUES (8, 'https://res.samsungeshop.com.cn/resources/2016/7/19/14689187499285778_570X570.jpg');
INSERT INTO `goods_picture` VALUES (8, 'https://res.samsungeshop.com.cn/resources/2016/7/19/14689187703397529_570X570.jpg');
INSERT INTO `goods_picture` VALUES (8, 'https://res.samsungeshop.com.cn/resources/2016/7/19/14689187885574592_570X570.jpg');
INSERT INTO `goods_picture` VALUES (8, 'https://res.samsungeshop.com.cn/resources/2016/7/19/14689187995397692_570X570.jpg');
INSERT INTO `goods_picture` VALUES (9, 'https://res.samsungeshop.com.cn/resources/2016/12/8/14811707832492941_570X570.jpg');
INSERT INTO `goods_picture` VALUES (9, 'https://res.samsungeshop.com.cn/resources/2016/12/8/14811707903877261_570X570.jpg');
INSERT INTO `goods_picture` VALUES (9, 'https://res.samsungeshop.com.cn/resources/2016/12/8/14811707961705534_570X570.jpg');
INSERT INTO `goods_picture` VALUES (9, 'https://res.samsungeshop.com.cn/resources/2016/12/8/14811708019013017_570X570.jpg');
INSERT INTO `goods_picture` VALUES (10, 'https://res.samsungeshop.com.cn/resources/2018/8/29/15355228826574053_570X570.jpg');
INSERT INTO `goods_picture` VALUES (10, 'https://res.samsungeshop.com.cn/resources/2018/8/29/15355229022356142_570X570.jpg');
INSERT INTO `goods_picture` VALUES (10, 'https://res.samsungeshop.com.cn/resources/2018/8/29/15355229092923809_570X570.jpg');
INSERT INTO `goods_picture` VALUES (10, 'https://res.samsungeshop.com.cn/resources/2018/8/29/15355229152028003_570X570.jpg');

-- ----------------------------
-- Table structure for goodslist
-- ----------------------------
DROP TABLE IF EXISTS `goodslist`;
CREATE TABLE `goodslist`  (
  `goods_id` int(11) NOT NULL AUTO_INCREMENT,
  `title` varchar(255) CHARACTER SET utf8 COLLATE utf8_general_ci NULL DEFAULT NULL,
  `add_time` datetime(0) NULL DEFAULT NULL,
  `zhaiyao` varchar(255) CHARACTER SET utf8 COLLATE utf8_general_ci NULL DEFAULT NULL,
  `click` int(11) NULL DEFAULT 3,
  `img_url` varchar(255) CHARACTER SET utf8 COLLATE utf8_general_ci NULL DEFAULT NULL,
  `sell_price` decimal(10, 2) NULL DEFAULT NULL,
  `market_price` decimal(10, 2) NULL DEFAULT NULL,
  `stock_quantity` int(11) NULL DEFAULT 200,
  `goods_no` varchar(255) CHARACTER SET utf8 COLLATE utf8_general_ci NULL DEFAULT NULL,
  PRIMARY KEY (`goods_id`) USING BTREE
) ENGINE = InnoDB AUTO_INCREMENT = 11 CHARACTER SET = utf8 COLLATE = utf8_general_ci ROW_FORMAT = Dynamic;

-- ----------------------------
-- Records of goodslist
-- ----------------------------
INSERT INTO `goodslist` VALUES (1, '盖乐世 S9+', '2018-11-14 15:04:46', '960帧/秒凝时拍摄、智能可变光圈、全视曲面屏', 3, 'https://res.samsungeshop.com.cn/resources/2018/3/5/1520243012668473_293X293.jpg', 6199.00, 6699.00, 200, 'SAMMO11051');
INSERT INTO `goodslist` VALUES (2, '盖乐世 Note9', '2018-11-03 15:04:50', '智能 S Pen、海量存储8G+512G、4000mAh大容量电池', 3, 'https://res.samsungeshop.com.cn/resources/2018/9/11/15366540528318522_570X570.jpg', 6999.00, 7699.00, 200, 'SAMMO11052');
INSERT INTO `goodslist` VALUES (3, '盖乐世 S8', '2018-10-31 15:04:55', '全视曲面屏、IP68级防尘防水、虹膜识别', 3, 'https://res.samsungeshop.com.cn/resources/2017/5/16/14949024867125191_570X570.jpg', 3999.00, 4499.00, 200, 'SAMMO11053');
INSERT INTO `goodslist` VALUES (4, 'Galaxy Watch 蓝牙智能手表 42mm', '2018-10-30 15:04:59', '拥有长久续航能力的Samsung Galaxy Watch，舒适的佩戴感受，兼具智能手表的丰富功能，让您与信息世界互连互通。', 3, 'https://res.samsungeshop.com.cn/resources/2018/8/27/15353645548987767_570X570.jpg', 2399.00, 3499.00, 200, 'SAMBL22051');
INSERT INTO `goodslist` VALUES (5, 'Gear IconX 2018 无线耳机', '2018-11-24 15:05:02', '运动辅导、自动监测、清晰音质、人体工程学的设计', 3, 'https://res.samsungeshop.com.cn/resources/2018/3/6/15203313247107390_570X570.jpg', 1299.00, 1499.00, 200, 'SAMBL22052');
INSERT INTO `goodslist` VALUES (6, '玄龙MR+ XE800ZBA-HC1CN', '2018-11-16 15:05:05', '打破局限，非凡体验、宽广视角', 3, 'https://res.samsungeshop.com.cn/resources/2018/10/24/15403205511873536_570X570.jpg', 4499.00, 5499.00, 200, 'SAMXL22052');
INSERT INTO `goodslist` VALUES (7, 'Notebook 5 NP530XBB-K01CN', '2018-11-27 15:05:10', 'Intel 赛扬 N4000 、13.3\" FHD防眩光屏幕', 3, 'https://res.samsungeshop.com.cn/resources/2018/10/24/15403227817042324_570X570.jpg', 3399.00, 3399.00, 200, 'SAMNB22053');
INSERT INTO `goodslist` VALUES (8, '三星空气净化器KJ719F-K7580WW', '2018-11-22 15:05:13', '大客厅全能净化，除甲醛、除颗粒物，AX7000系列除雾霾增强型！', 3, 'https://res.samsungeshop.com.cn/resources/2016/7/19/14689187499285778_570X570.jpg', 7990.00, 8990.00, 200, 'SAMNB22054');
INSERT INTO `goodslist` VALUES (9, 'Gear S3 先锋版', '2018-11-05 18:05:16', '实时心率监测、GPS定位、IP68防尘防水', 3, 'https://res.samsungeshop.com.cn/resources/2016/12/8/14811707832492941_570X570.jpg', 1799.00, 2799.00, 200, 'SAMXL22055');
INSERT INTO `goodslist` VALUES (10, '盖乐世 Tab S3 9.7 4G', '2018-11-05 11:05:20', '9.7英寸AMOLED屏，AKG调校扬声器、4096级压感SPen', 3, 'https://res.samsungeshop.com.cn/resources/2017/4/13/14920628863459818_570X570.jpg', 5788.00, 6788.00, 200, 'SAMMO22052');

-- ----------------------------
-- Table structure for lunbotu
-- ----------------------------
DROP TABLE IF EXISTS `lunbotu`;
CREATE TABLE `lunbotu`  (
  `url` varchar(255) CHARACTER SET utf8 COLLATE utf8_general_ci NULL DEFAULT NULL,
  `img` varchar(255) CHARACTER SET utf8 COLLATE utf8_general_ci NULL DEFAULT NULL
) ENGINE = InnoDB CHARACTER SET = utf8 COLLATE = utf8_general_ci ROW_FORMAT = Dynamic;

-- ----------------------------
-- Records of lunbotu
-- ----------------------------
INSERT INTO `lunbotu` VALUES ('https://www.csdn.net/', 'https://img.alicdn.com/simba/img/TB1TVKmmQvoK1RjSZFwSuwiCFXa.jpg');
INSERT INTO `lunbotu` VALUES ('https://www.csdn.net/', 'https://img.alicdn.com/simba/img/TB1aN1hmG6qK1RjSZFmSut0PFXa.jpg');
INSERT INTO `lunbotu` VALUES ('https://www.csdn.net/', 'https://csdnimg.cn/feed/20181027/8e5aad523551a7170c21a2affee63185.jpg');

-- ----------------------------
-- Table structure for news_comment
-- ----------------------------
DROP TABLE IF EXISTS `news_comment`;
CREATE TABLE `news_comment`  (
  `news_id` int(11) NULL DEFAULT NULL,
  `user_name` varchar(255) CHARACTER SET utf8 COLLATE utf8_general_ci NULL DEFAULT '匿名用户',
  `add_time` datetime(0) NULL DEFAULT NULL,
  `content` varchar(255) CHARACTER SET utf8 COLLATE utf8_general_ci NULL DEFAULT NULL
) ENGINE = InnoDB CHARACTER SET = utf8 COLLATE = utf8_general_ci ROW_FORMAT = Dynamic;

-- ----------------------------
-- Records of news_comment
-- ----------------------------
INSERT INTO `news_comment` VALUES (6, '匿名用户', '2018-11-07 21:18:48', '哈哈哈哈');
INSERT INTO `news_comment` VALUES (6, '匿名用户', '2018-12-26 21:18:50', '评论一下下');
INSERT INTO `news_comment` VALUES (6, '匿名用户', '2018-11-01 21:18:53', '我最开心的，哈哈哈');
INSERT INTO `news_comment` VALUES (6, '匿名用户', '2018-11-02 21:19:04', '锄禾日当午');
INSERT INTO `news_comment` VALUES (6, '匿名用户', '2018-11-02 05:19:07', '汗滴禾下土');
INSERT INTO `news_comment` VALUES (6, '匿名用户', '2018-11-12 21:19:13', '谁知盘中餐粒粒皆辛苦');
INSERT INTO `news_comment` VALUES (6, '匿名用户', '2018-11-16 21:19:16', '床前明月光');
INSERT INTO `news_comment` VALUES (6, '匿名用户', '2018-11-08 21:19:19', '疑是地上霜');
INSERT INTO `news_comment` VALUES (6, '匿名用户', '2018-11-06 21:19:22', '举头望明月');
INSERT INTO `news_comment` VALUES (6, '匿名用户', '2018-11-05 02:19:25', '低头思故乡');
INSERT INTO `news_comment` VALUES (6, '匿名用户', '2018-11-03 23:11:00', '疯了');
INSERT INTO `news_comment` VALUES (2, '匿名用户', '2018-11-03 23:13:00', '要疯了了了了了');
INSERT INTO `news_comment` VALUES (2, '匿名用户', '2018-11-03 23:17:00', '难受啊！！！');
INSERT INTO `news_comment` VALUES (6, '匿名用户', '2018-11-03 23:18:00', '条啊');
INSERT INTO `news_comment` VALUES (6, '匿名用户', '2018-12-26 21:18:50', '哈哈哈哈参观书店评论一下下');
INSERT INTO `news_comment` VALUES (6, '匿名用户', '2018-11-01 21:18:53', '哈哈哈哈参观书店我最开心的，哈哈哈');
INSERT INTO `news_comment` VALUES (6, '匿名用户', '2018-11-02 21:19:04', '锄禾日当午');
INSERT INTO `news_comment` VALUES (6, '匿名用户', '2018-11-02 05:19:07', '哈哈哈哈参观书店汗滴禾下土');
INSERT INTO `news_comment` VALUES (6, '匿名用户', '2018-11-12 21:19:13', '谁知盘中餐粒粒皆辛苦');
INSERT INTO `news_comment` VALUES (6, '匿名用户', '2018-11-16 21:19:16', '床前明月光');
INSERT INTO `news_comment` VALUES (6, '匿名用户', '2018-11-08 21:19:19', '疑是地上霜');
INSERT INTO `news_comment` VALUES (6, '匿名用户', '2018-11-06 21:19:22', '哈哈哈哈参观书店举头望明月');
INSERT INTO `news_comment` VALUES (6, '匿名用户', '2018-11-05 02:19:25', '低头思故乡');
INSERT INTO `news_comment` VALUES (6, '匿名用户', '2018-11-03 23:11:00', '疯了');
INSERT INTO `news_comment` VALUES (2, '匿名用户', '2018-11-03 23:13:00', '要疯了了了了了');
INSERT INTO `news_comment` VALUES (2, '匿名用户', '2018-11-03 23:17:00', '难受啊！！！');
INSERT INTO `news_comment` VALUES (6, '匿名用户', '2018-11-03 23:18:00', '条啊');
INSERT INTO `news_comment` VALUES (6, '匿名用户', '2018-11-02 05:19:07', '5555555');
INSERT INTO `news_comment` VALUES (6, '匿名用户', '2018-11-02 05:19:07', '我又成功了');
INSERT INTO `news_comment` VALUES (6, '匿名用户', '2018-11-04 19:59:00', '成功了，哈哈哈哈哈！！！');
INSERT INTO `news_comment` VALUES (4, '匿名用户', '2018-11-05 12:22:00', '也可以呀');

-- ----------------------------
-- Table structure for newslist
-- ----------------------------
DROP TABLE IF EXISTS `newslist`;
CREATE TABLE `newslist`  (
  `id` int(11) NOT NULL AUTO_INCREMENT,
  `add_time` datetime(0) NULL DEFAULT NULL ON UPDATE CURRENT_TIMESTAMP(0),
  `click` int(11) NULL DEFAULT NULL,
  `img_url` varchar(255) CHARACTER SET utf8 COLLATE utf8_general_ci NULL DEFAULT NULL,
  `title` varchar(255) CHARACTER SET utf8 COLLATE utf8_general_ci NULL DEFAULT NULL,
  `zhaiyao` varchar(255) CHARACTER SET utf8 COLLATE utf8_general_ci NULL DEFAULT NULL,
  `content` text CHARACTER SET utf8 COLLATE utf8_general_ci NULL,
  PRIMARY KEY (`id`) USING BTREE
) ENGINE = InnoDB AUTO_INCREMENT = 11 CHARACTER SET = utf8 COLLATE = utf8_general_ci ROW_FORMAT = Dynamic;

-- ----------------------------
-- Records of newslist
-- ----------------------------
INSERT INTO `newslist` VALUES (1, '2018-11-03 19:36:16', 2, 'http://cms-bucket.nosdn.127.net/2018/11/03/c13c37d5a5f44930850a5abed3e1b424.png?imageView&thumbnail=140y88&quality=85', '小区居民“蹭暖费”', '河南一小区出新规:业主不用暖气也须交30%', '<div class=\"post_text\" id=\"endText\" style=\"border-top:1px solid #ddd;\">\r\n    <p class=\"otitle\">\r\n        （原标题：新乡一小区规定惹争议：不用暖气要交“蹭暖费”）\r\n    </p>\r\n    <p>随着取暖季的临近，一年一度的取暖费又该收取了。连日来，新乡县陆通龙园小区有居民向大河报·大河客户端记者反映，小区出了规定，不用暖气却要交30%的“蹭暖费”，这究竟是怎么回事呢?</p><p class=\"f_center\"><img alt=\"小区不用暖气也须交蹭暖费 居民:不缴费天经地义\" src=\"http://dingyue.nosdn.127.net/f4nWmU5HuRa5kkUXNPcGRpMkBSmvfo=KC39AVhqxdIWCZ1541221772230.jpg\" id=\"netease1541221771892512\" style=\"box-sizing: border-box; border-width: 0px; border-style: initial; vertical-align: middle; max-width: 100%; margin: 0px auto; display: block;\" contenteditable=\"false\"></p><p>陆通龙园小区地处新乡县青年路与富兴路交汇处，该项目一期已经交付入住，多为六层电梯洋房，收费规定就张贴在每个单元的电梯口。这份供暖通知显示，11月8日以前到物业办公室缴纳取暖费按照每平米18元收取，11月9日至11月14日缴纳则按照每平米20元收取。通知强调，已入住且不缴纳供暖费用的，按供暖总费用的30%收取蹭暖费。该通知落款为陆通冷暖管理处，时间为2018年10月31日。</p><p>“这种做法不合适吧?”有居民称，“蹭暖费”这个名目的收费自己从来没有听说过，不用暖气不缴费天经地义。在物业，一位正在收费的工作人员称，周围的住户都使用暖气，不开通的住户室内温度肯定也会升高，这等于变相的“蹭暖”，自然应该缴纳一部分费用。</p><p>该工作人员告诉记者，“蹭暖费”只针对在此居住而不开通暖气的住户，并不包括已经装修而实际未入住的业主。曾经有小区居民不经意间说：“俺家今年没开暖气也可暖和!”这些带有炫耀意味的话语，也让其他正常用暖住户心理失衡。该工作人员称，曾经有正常缴费的住户找到物业，以邻居不开通暖气，造成自家温度流失为由表达自己的不满。</p><p class=\"f_center\"><img alt=\"小区不用暖气也须交蹭暖费 居民:不缴费天经地义\" src=\"http://dingyue.nosdn.127.net/IsRA0kX6MxpXClWjN7b0US4F=dUgoTcPRhDQDyvjejGhe1541221772231.jpg\" id=\"netease1541221771892564\" style=\"box-sizing: border-box; border-width: 0px; border-style: initial; vertical-align: middle; max-width: 100%; margin: 0px auto; display: block;\" contenteditable=\"false\"></p><p>这位工作人员表示，如果任由住户以不使用暖气为由不缴纳费用这种现象蔓延，很可能造成整栋楼无法供暖。该工作人员称，目前一期交付的共有7栋楼，都是多层洋房，入住的就一百多户，如果现在不把规矩立起来，将来随着二期、三期业主的入住，“蹭暖”的会更多，到时更不好办。</p><p>在采访中，业主对征收蹭暖费的行为表示赞同，但也有表示反对。据了解，目前新乡市现行的冬季采暖收费一是按照建筑面积进行收费，二是实行分户计量供热的按照计量收费。</p><br>&lt;!&ndash; AD200x300_2 &ndash;&gt;\r\n    <div class=\"gg200x300\">\r\n        <div class=\"at_item right_ad_item\" adtype=\"rightAd\" requesturl=\"https://nex.163.com/q?app=7BE0FC82&amp;c=news&amp;l=133&amp;site=netease&amp;affiliate=news&amp;cat=article&amp;type=logo300x250&amp;location=12\"></div>\r\n        <a href=\"javascript:;\" target=\"_self\" class=\"ad_hover_href\"></a>\r\n    </div><p>11月2日上午，记者以小区业主身份，联系了新乡县住房和城乡规划建设局，办公室一名工作人员表示他还没听说过有小区收取“蹭暖费”一事，建议双方协商解决。</p><pre datatype=\"specialtag\" datavalue=\"推荐\" style=\"white-space: pre-wrap; display: none; border: 3px solid blue;\" title=\"推荐\"><p><a href=\"https://news.163.com/18/1024/03/DURPLIAG0001875P.html\" target=\"_self\" urlmacroreplace=\"false\" style=\"line-height: 1;\">楼盘业主因集体维权 被女销售员发朋友圈骂“狗”</a></p><p>层高从2.9米降到了2.7米；阳台宣传是1.5米宽，实际测量只有1.2米……\"最近，中梁地产在盐城城南的一项目在网上闹的沸沸扬扬，业主称遭遇销售欺诈。记者了解到，业主在维权时与中梁的工作人员发生冲突，甚至有女销售员在朋友圈辱骂业主。目前，城南新区相关部门已经介入此事。</p></pre><div class=\"special_tag_wrap\"><div class=\"special_tag special_tag_tj\"><div class=\"special_tag_ttl\">延伸 · 推荐</div><div class=\"special_tag_cnt\"><p><a href=\"https://news.163.com/18/1024/03/DURPLIAG0001875P.html\" target=\"_self\" urlmacroreplace=\"false\" style=\"line-height: 1;\">楼盘业主因集体维权 被女销售员发朋友圈骂“狗”</a></p><p>层高从2.9米降到了2.7米；阳台宣传是1.5米宽，实际测量只有1.2米……\"最近，中梁地产在盐城城南的一项目在网上闹的沸沸扬扬，业主称遭遇销售欺诈。记者了解到，业主在维权时与中梁的工作人员发生冲突，甚至有女销售员在朋友圈辱骂业主。目前，城南新区相关部门已经介入此事。</p></div></div></div>\r\n    <p></p>\r\n    <div class=\"ep-source cDGray\">\r\n        <span class=\"left\"><a href=\"https://news.163.com/\"><img src=\"http://static.ws.126.net/cnews/css13/img/end_news.png\" alt=\"王丽珊\" width=\"13\" height=\"12\" class=\"icon\"></a> 本文来源：大河网-大河报  </span>\r\n        &lt;!&ndash;杨艺_NBJ10647&ndash;&gt;<span class=\"ep-editor\">责任编辑：杨艺_NBJ10647</span>                </div>\r\n</div>');
INSERT INTO `newslist` VALUES (2, '2018-11-03 19:59:51', 2, 'http://cms-bucket.nosdn.127.net/2018/11/03/6f6a34abb5d74753b943e739e7d76ada.png?imageView&thumbnail=140y88&quality=85', '特朗普发推', '特朗普借＂凛冬将至＂梗发推＂制裁将至＂ HBO立马黑脸', '<div class=\"post_text\" id=\"endText\" style=\"border-top:1px solid #ddd;\">\r\n                                <p class=\"otitle\">\r\n                    （原标题：特朗普借用“凛冬将至”梗发推“制裁将至” HBO立马黑脸）\r\n                </p>\r\n                                <p>当地时间2日，美国总统特朗普模仿美剧《权力的游戏》中“凛冬将至”的梗发推“制裁将至”，宣告美国即将重启对伊朗的制裁。不过，该剧的制作方美国HBO电视网表示“不开心了”。</p><p class=\"f_center\"><img alt=\"特朗普借凛冬将至梗发推制裁将至HBO立马黑脸\" src=\"http://cms-bucket.nosdn.127.net/catchpic/4/4b/4b04e540b3fd15139f417b4a8ffdcc47.png?imageView&amp;thumbnail=550x0\" style=\"border-width: initial; border-style: none; vertical-align: top; max-width: 100%; margin: 0px auto; width: 400px; height: 450px; display: block;\">特朗普推特截图</p><p>2日美国宣布将全面重启对伊朗的制裁，当日特朗普也发布了一条推特，推特内容是一张以自己作为背景的图片，图片中用加粗的字体写到：“制裁将至，11月5日”。</p><p>“制裁将至”的说法很快被网友调侃是模仿美剧《权力的游戏》中的名言“凛冬将至”。</p><p>“凛冬将至”(英语：Winter Is Coming)是美国HBO播出的电视剧《权力的游戏》第一季第一集的名称，同时也是剧中北方史塔克家族的家族族语。</p><p>特朗普推特发布后不久，HBO就表示“不开心”了，表示不希望特朗普总统“不正确地使用”《权力游戏》的标语来推销其政府的议程。</p><p class=\"f_center\"><img alt=\"特朗普借凛冬将至梗发推制裁将至HBO立马黑脸\" src=\"http://cms-bucket.nosdn.127.net/catchpic/b/b9/b96fd3fb5d1ea617a700f38a6938efac.png?imageView&amp;thumbnail=550x0\" style=\"border-width: initial; border-style: none; vertical-align: top; max-width: 100%; margin: 0px auto; width: 400px; height: 118px; display: block;\">《国会山报》报道截图</p><p>“我们不知道这一信息(的含义)，但是希望我们的商标不被出于政治目的不正确地使用”HBO的发言人2日告诉美国《国会山报》。</p><p>HBO的官方推特和《权力的游戏》中的演员随后也回复了特朗普的推特。</p><p class=\"f_center\"><img alt=\"特朗普借凛冬将至梗发推制裁将至 HBO立马黑脸\" src=\"http://cms-bucket.nosdn.127.net/catchpic/c/c8/c8ed8a8916da08d9df8be39f6c9301e0.png?imageView&amp;thumbnail=550x0\" style=\"border-width: initial; border-style: none; vertical-align: top; max-width: 100%; margin: 0px auto; width: 400px; height: 81px; display: block;\">HBO推特截图</p><p>HBO：商标不当使用，用多斯拉克语怎么说？(作者注：多斯拉克语是《权力的游戏》中龙之母所使用的语言)</p><p class=\"f_center\"><img alt=\"特朗普借凛冬将至梗发推制裁将至 HBO立马黑脸\" src=\"http://cms-bucket.nosdn.127.net/catchpic/e/ee/eec70723733348fb7f99e18413e2b635.png?imageView&amp;thumbnail=550x0\" style=\"border-width: initial; border-style: none; vertical-align: top; max-width: 100%; margin: 0px auto; width: 400px; height: 493px; display: block;\">迈西·威廉姆斯(Maisie Williams)推特截图</p><p>扮演剧中艾莉亚·斯塔克(Arya Stark)的女演员迈西?威廉姆斯(Maisie Williams)的在推特回复中说：不是今天。</p><p>有网友通过调侃的方式回复了特朗普，说道：“起诉书将至”。</p><p class=\"f_center\"><img alt=\"特朗普借凛冬将至梗发推制裁将至 HBO立马黑脸\" src=\"http://cms-bucket.nosdn.127.net/catchpic/0/07/07745a75653d36e1d5293fb62458f2af.png?imageView&amp;thumbnail=550x0\" style=\"border-width: initial; border-style: none; vertical-align: top; max-width: 100%; margin: 0px auto; width: 400px; height: 472px; display: block;\">“起诉书将至”</p><p>还有网友提到了负责特朗普团队“通俄案”调查的特别检察官米勒，调侃道：“米勒将至”。</p><p class=\"f_center\"><img alt=\"特朗普借凛冬将至梗发推制裁将至 HBO立马黑脸\" src=\"http://cms-bucket.nosdn.127.net/catchpic/4/49/4917317d5feb149b87ca0f2ab6596247.png?imageView&amp;thumbnail=550x0\" style=\"border-width: initial; border-style: none; vertical-align: top; max-width: 100%; margin: 0px auto; width: 400px; height: 477px; display: block;\"></p><pre datatype=\"specialtag\" datavalue=\"推荐\" style=\"white-space: pre-wrap; display: none; border: 3px solid blue;\" title=\"推荐\"><br><!-- AD200x300_2 -->\r\n<div class=\"gg200x300\">\r\n<div class=\"at_item right_ad_item\" adtype=\"rightAd\" requesturl=\"https://nex.163.com/q?app=7BE0FC82&amp;c=news&amp;l=133&amp;site=netease&amp;affiliate=news&amp;cat=article&amp;type=logo300x250&amp;location=12\"></div>\r\n<a href=\"javascript:;\" target=\"_self\" class=\"ad_hover_href\"></a>\r\n</div><p><a href=\"https://news.163.com/18/1102/22/DVL2C2G40001899N.html\" target=\"_self\" urlmacroreplace=\"false\" style=\"line-height: 1;\">特朗普宣布重启对伊朗制裁 名单含700个实体和个人</a></p><p>美联社消息：特朗普政府宣布全面恢复对伊朗的制裁。此前，因伊朗核协议达成，奥巴马政府取消了对伊制裁。多家外媒称，恢复对伊朗制裁后，多达700个伊朗实体及个人登上了特朗普政府的制裁黑名单。法新社消息称，蓬佩奥表示，此次对伊朗制裁，8个国家将被特朗普政府豁免，从而可以进口伊朗石油。目前尚不清楚具体是哪八个国家。</p></pre><div class=\"special_tag_wrap\"><div class=\"special_tag special_tag_tj\"><div class=\"special_tag_ttl\">延伸 · 推荐</div><div class=\"special_tag_cnt\"><br><!-- AD200x300_2 -->\r\n<div class=\"gg200x300\">\r\n<div class=\"at_item right_ad_item\" adtype=\"rightAd\" requesturl=\"https://nex.163.com/q?app=7BE0FC82&amp;c=news&amp;l=133&amp;site=netease&amp;affiliate=news&amp;cat=article&amp;type=logo300x250&amp;location=12\"></div>\r\n<a href=\"javascript:;\" target=\"_self\" class=\"ad_hover_href\"></a>\r\n</div><p><a href=\"https://news.163.com/18/1102/22/DVL2C2G40001899N.html\" target=\"_self\" urlmacroreplace=\"false\" style=\"line-height: 1;\">特朗普宣布重启对伊朗制裁 名单含700个实体和个人</a></p><p>美联社消息：特朗普政府宣布全面恢复对伊朗的制裁。此前，因伊朗核协议达成，奥巴马政府取消了对伊制裁。多家外媒称，恢复对伊朗制裁后，多达700个伊朗实体及个人登上了特朗普政府的制裁黑名单。法新社消息称，蓬佩奥表示，此次对伊朗制裁，8个国家将被特朗普政府豁免，从而可以进口伊朗石油。目前尚不清楚具体是哪八个国家。</p></div></div></div>\r\n                <p></p>\r\n                                                <div class=\"ep-source cDGray\">\r\n                    <span class=\"left\"><a href=\"https://news.163.com/\"><img src=\"http://static.ws.126.net/cnews/css13/img/end_news.png\" alt=\"王丽珊\" width=\"13\" height=\"12\" class=\"icon\"></a> 本文来源：环球网  </span>\r\n                    <!--史建磊_NBJ11331--><span class=\"ep-editor\">责任编辑：史建磊_NBJ11331</span>                </div>\r\n                                								            </div>');
INSERT INTO `newslist` VALUES (3, '2018-11-03 20:00:35', 3, 'http://cms-bucket.nosdn.127.net/2018/11/03/ffd8401c7556401fb30ca245cbb8b720.png?imageView&thumbnail=140y88&quality=85', '浙江办公室', '浙江最多跑一次办公室被吐槽奇葩部门 网友这么说', '<div class=\"post_text\" id=\"endText\" style=\"border-top:1px solid #ddd;\">\r\n                                <p class=\"otitle\">\r\n                    （原标题：万象 | 最多跑一次？这家政府单位太“奇葩”， 网友却...）\r\n                </p>\r\n                                <p>近日，一位网友在微博上晒出了浙江某政府单位的招牌：</p><p class=\"f_center\"><img alt=\"浙江最多跑一次办公室被吐槽奇葩部门 网友:是良政\" src=\"http://dingyue.nosdn.127.net/6oV7hgICMiA=EjCI3qqJ6znh17EE1nzYywPkFKbhTlG2U1541221134044.jpg\" id=\"netease1541221133721657\" style=\"box-sizing: border-box; border-width: 0px; border-style: initial; vertical-align: middle; max-width: 100%; margin: 0px auto; display: block;\" contenteditable=\"false\"></p><p>只见右边的那块招牌上写着：“浙江省最多跑一次改革办公室”。该网友还吐槽 “最奇葩”。</p><p class=\"f_center\"><img alt=\"浙江最多跑一次办公室被吐槽奇葩部门 网友:是良政\" src=\"http://dingyue.nosdn.127.net/J4EcDrc6vpnUT7mA9WacCK5ml2Hy4TN2EqgdGQ6dLMZjR1541221134044.jpg\" id=\"netease154122113372142\" style=\"box-sizing: border-box; border-width: 0px; border-style: initial; vertical-align: middle; max-width: 100%; margin: 0px auto; display: block;\" contenteditable=\"false\"></p><p>这篇帖子发布后，转发量很快就破了千。谁料想，评论区的画风却和他所期待的大相径庭。</p><p>网友们并没有跟着吐槽，反而迫不及待站出来科普：这个机构是为了简化政府机关办事流程，让市民真正享受到便利才成立的，都成为全国典范了。</p><p>有网友表示，这绝不是所谓的“奇葩”部门，“是良政”！</p><p class=\"f_center\"><img alt=\"浙江最多跑一次办公室被吐槽奇葩部门 网友:是良政\" src=\"http://dingyue.nosdn.127.net/y0R4bAmIwiIfyaFOiTEUaEqvzHh5B0r2f0gUWnb2jGhdj1541221134044.jpg\" id=\"netease1541221133721968\" style=\"box-sizing: border-box; border-width: 0px; border-style: initial; vertical-align: middle; max-width: 100%; margin: 0px auto; display: block;\" contenteditable=\"false\"></p><p class=\"f_center\"><img alt=\"浙江最多跑一次办公室被吐槽奇葩部门 网友:是良政\" src=\"http://dingyue.nosdn.127.net/WqVSND6LDH75YNZakBlUV8td5wCOSXMkzerAMv9B5xVrP1541221134045.jpg\" id=\"netease1541221133721983\" style=\"box-sizing: border-box; border-width: 0px; border-style: initial; vertical-align: middle; max-width: 100%; margin: 0px auto; display: block;\" contenteditable=\"false\"></p><p>大部队紧随其后，用亲身经历证明，这地方真的挺好的。</p><p>办身份证的：</p><p class=\"f_center\"><img alt=\"浙江最多跑一次办公室被吐槽奇葩部门 网友:是良政\" src=\"http://dingyue.nosdn.127.net/mji=f4kVNfAS5t5uam9pJbqIze3VyaKaH5HHkSLkZVs8q1541221134045.jpg\" id=\"netease1541221133721670\" style=\"box-sizing: border-box; border-width: 0px; border-style: initial; vertical-align: middle; max-width: 100%; margin: 0px auto; display: block;\" contenteditable=\"false\"></p><p>办医保的：</p><p class=\"f_center\"><img alt=\"浙江最多跑一次办公室被吐槽奇葩部门 网友:是良政\" src=\"http://dingyue.nosdn.127.net/MfKLDJ9JN5CIEpl98gHsUJPXcaBUBQKxi3fkjT6wrU7G51541221134045.jpg\" id=\"netease1541221133721615\" style=\"box-sizing: border-box; border-width: 0px; border-style: initial; vertical-align: middle; max-width: 100%; margin: 0px auto; display: block;\" contenteditable=\"false\"></p><p>办房产过户的：</p><p class=\"f_center\"><img alt=\"浙江最多跑一次办公室被吐槽奇葩部门 网友:是良政\" src=\"http://dingyue.nosdn.127.net/nwSqL8SBgPnfBw4Nrx0FRc6p5NKv1Gqa7pGEIxtAr6Kfn1541221134045.jpg\" id=\"netease1541221133721712\" style=\"box-sizing: border-box; border-width: 0px; border-style: initial; vertical-align: middle; max-width: 100%; margin: 0px auto; display: block;\" contenteditable=\"false\"></p><p>给孩子办社保、护照的：</p><p class=\"f_center\"><img alt=\"浙江最多跑一次办公室被吐槽奇葩部门 网友:是良政\" src=\"http://dingyue.nosdn.127.net/f4tDyDV6ZvMZH0yJzDV22n0ck=rQXsdha=YKwVaIsS03U1541221134045.jpg\" id=\"netease1541221133721521\" style=\"box-sizing: border-box; border-width: 0px; border-style: initial; vertical-align: middle; max-width: 100%; margin: 0px auto; display: block;\" contenteditable=\"false\"></p><p>还有在农村的：</p><p class=\"f_center\"><img alt=\"浙江最多跑一次办公室被吐槽奇葩部门 网友:是良政\" src=\"http://dingyue.nosdn.127.net/wLGOu08ekK4D2djp=nIFzCbXxYAyvIqrudnfZx8LoN9gE1541221134045.jpg\" id=\"netease1541221133721979\" style=\"box-sizing: border-box; border-width: 0px; border-style: initial; vertical-align: middle; max-width: 100%; margin: 0px auto; display: block;\" contenteditable=\"false\"></p><p>发帖的网友随即也明白了状况。不过他还有一点质疑，就算“最多跑一次”改革办大大提高了办事效率，但作为一个权力部门，取这种名字难道不滑稽吗？</p><p>更多人：不会啊，多接地气。</p><p class=\"f_center\"><img alt=\"浙江最多跑一次办公室被吐槽奇葩部门 网友:是良政\" src=\"http://dingyue.nosdn.127.net/jTr27VYFlOUNXvsIUAZYfLpEvpB80J7JR2wBJDYBLM0J81541221134047.jpg\" id=\"netease1541221133721686\" style=\"box-sizing: border-box; border-width: 0px; border-style: initial; vertical-align: middle; max-width: 100%; margin: 0px auto; display: block;\" contenteditable=\"false\"></p><p>毕竟名字无伤大雅，效率才是真金白银。难道非要叫“浙江省行政事务系统整合及用户体验最优化设计办公室”之流才妥当吗？</p><p class=\"f_center\"><img alt=\"浙江最多跑一次办公室被吐槽奇葩部门 网友:是良政\" src=\"http://dingyue.nosdn.127.net/NZWgrronUeEN6jIMA=kBjuDrGZdsST4ipye848gwYg3xg1541221134047.jpg\" id=\"netease1541221133721954\" style=\"box-sizing: border-box; border-width: 0px; border-style: initial; vertical-align: middle; max-width: 100%; margin: 0px auto; display: block;\" contenteditable=\"false\"></p><p class=\"f_center\"><img alt=\"浙江最多跑一次办公室被吐槽奇葩部门 网友:是良政\" src=\"http://dingyue.nosdn.127.net/yr3ysmlhcff6ZciZsYLXUtmZIh7LVTJYqufGdIUx=CEJ01541221134047.jpg\" id=\"netease154122113372137\" style=\"box-sizing: border-box; border-width: 0px; border-style: initial; vertical-align: middle; max-width: 100%; margin: 0px auto; display: block;\" contenteditable=\"false\"></p><p>说到这里也许有人会问，“最多跑一次”到底是个什么来头？</p><p>其实，这项改革已经有一些年头了。公开资料显示，所谓“最多跑一次”的“小目标”，是指群众和企业到政府办理一件事情，在申请材料齐全、符合法定受理条件时，从受理申请到形成办理结果，全过程只需一次上门或零上门。</p><p>该理念最早出现在2016年12月的浙江省委经济工作会议上，随后成为浙江《2017年政府工作报告重点工作责任分解》的115项重点工作之首。</p><p>当然，实践过程中往往不会那么顺利。很多市民陆续在网络上质疑，办事的时候仍然需要跑两三次，根本不是“最多跑一次”嘛。</p><p>去年8月初的“最多跑一次”改革第三次新闻发布会上，浙江省“最多跑一次”改革办、省编办主任鞠建林公开澄清道，有的时候不能这么算……</p><p>比如，明明可以快递送达的，但有的群众为了更安心自愿上门取件，就不算多跑一次；</p><p>办事前上门咨询，也不算多跑一次；</p><p>办理材料不齐全的，要从补齐材料以后开始算起是否实现“最多跑一次”；</p><p>不符合办理条件的，收到否定性办理结果的，也算一次办结；</p><p>而“容缺受理”，即政府部门对次要条件或手续有欠缺的事项，先予受理和办理，待材料补齐后，再出具办理结果。但如果通过网络或快递补交，也就不用多跑一次了。</p><p>一年下来，这项改革在浙江效果斐然。浙江日报今年3月报道提到，截至2017年年底，浙江全省“最多跑一次”的实现率和满意率分别达到87.9%和94.7%。</p><p>如今，“最多跑一次”服务目标已在全国多个省份陆续推行，其中更不乏别出心裁者。</p><p>举个例子。10月初，一位博主发现广东省税务局新推出了两个二维码展架，上面密密麻麻排满了国家税务总局各种办税事项的一次性告知，以及广东税务局“最多跑一次”清单的二维码图标。粗算之下，便有好几百个。</p><p>广东税务局相关负责人曾介绍称，此举将大大节约纳税人的时间成本。</p><p class=\"f_center\"><img alt=\"浙江最多跑一次办公室被吐槽奇葩部门 网友:是良政\" src=\"http://dingyue.nosdn.127.net/zKwNp183p8Ig=9W=PdlP6SearFlZHXPDWr03cUqXUXKwA1541221134047compressflag.jpg\" id=\"netease1541221133721590\" style=\"box-sizing: border-box; border-width: 0px; border-style: initial; vertical-align: middle; max-width: 100%; margin: 0px auto; display: block;\" contenteditable=\"false\"></p><p>广东税务局“最多跑一次”清单的二维码展架 @中国刘杰</p><p>至于从中受益的市民们的心情，或许可以参考一下这位网友：</p><p class=\"f_center\"><img alt=\"浙江最多跑一次办公室被吐槽奇葩部门 网友:是良政\" src=\"http://dingyue.nosdn.127.net/zVTfF2BFtw=vA5tQe1FMXTI9Sv2UdgGgkvX5Nz3bT8Arh1541221134047.jpg\" id=\"netease154122113372126\" style=\"box-sizing: border-box; border-width: 0px; border-style: initial; vertical-align: middle; max-width: 100%; margin: 0px auto; display: block;\" contenteditable=\"false\"></p><pre datatype=\"specialtag\" datavalue=\"推荐\" style=\"white-space: pre-wrap; display: none; border: 3px solid blue;\" title=\"推荐\"><br><!-- AD200x300_2 -->\r\n<div class=\"gg200x300\">\r\n<div class=\"at_item right_ad_item\" adtype=\"rightAd\" requesturl=\"https://nex.163.com/q?app=7BE0FC82&amp;c=news&amp;l=133&amp;site=netease&amp;affiliate=news&amp;cat=article&amp;type=logo300x250&amp;location=12\"></div>\r\n<a href=\"javascript:;\" target=\"_self\" class=\"ad_hover_href\"></a>\r\n</div><p><a href=\"https://news.163.com/18/1018/20/DUE89KVO0001875P.html\" target=\"_self\" urlmacroreplace=\"false\" style=\"line-height: 1;\">政府工作人员疑上班玩手机 呵斥办事老人被处分</a></p><p>10月17日晚间，有网友发消息称，贵州省毕节市大方县政务服务中心一工作人员在接待办事老人时疑似玩手机，被指出后大声呵斥老人。18日上午，记者从大方县委宣传部了解到，当地相关部门已介入调查。大方县委宣传部今日晚间通报称，给予涉事工作人员张义留党察看一年、政务降级处分，并责成人事部门将张义调离窗口服务岗位，调整至乡镇其他岗位工作。</p></pre><div class=\"special_tag_wrap\"><div class=\"special_tag special_tag_tj\"><div class=\"special_tag_ttl\">延伸 · 推荐</div><div class=\"special_tag_cnt\"><br><!-- AD200x300_2 -->\r\n<div class=\"gg200x300\">\r\n<div class=\"at_item right_ad_item\" adtype=\"rightAd\" requesturl=\"https://nex.163.com/q?app=7BE0FC82&amp;c=news&amp;l=133&amp;site=netease&amp;affiliate=news&amp;cat=article&amp;type=logo300x250&amp;location=12\"></div>\r\n<a href=\"javascript:;\" target=\"_self\" class=\"ad_hover_href\"></a>\r\n</div><p><a href=\"https://news.163.com/18/1018/20/DUE89KVO0001875P.html\" target=\"_self\" urlmacroreplace=\"false\" style=\"line-height: 1;\">政府工作人员疑上班玩手机 呵斥办事老人被处分</a></p><p>10月17日晚间，有网友发消息称，贵州省毕节市大方县政务服务中心一工作人员在接待办事老人时疑似玩手机，被指出后大声呵斥老人。18日上午，记者从大方县委宣传部了解到，当地相关部门已介入调查。大方县委宣传部今日晚间通报称，给予涉事工作人员张义留党察看一年、政务降级处分，并责成人事部门将张义调离窗口服务岗位，调整至乡镇其他岗位工作。</p></div></div></div>\r\n                <p></p>\r\n                                                <div class=\"ep-source cDGray\">\r\n                    <span class=\"left\"><a href=\"https://news.163.com/\"><img src=\"http://static.ws.126.net/cnews/css13/img/end_news.png\" alt=\"王丽珊\" width=\"13\" height=\"12\" class=\"icon\"></a> 本文来源：中国青年报  </span>\r\n                    <!--史建磊_NBJ11331--><span class=\"ep-editor\">责任编辑：史建磊_NBJ11331</span>                </div>\r\n                                								            </div>');
INSERT INTO `newslist` VALUES (4, '2018-11-03 20:00:56', 2, 'http://cms-bucket.nosdn.127.net/2018/11/03/770ebbc0596a45c6ae336c58fb500c57.png?imageView&thumbnail=140y88&quality=85', '美国发生枪案', '美国达特茅斯学院发生枪击案：1人被打伤 枪手在逃', '<div class=\"post_text\" id=\"endText\" style=\"border-top:1px solid #ddd;\">\r\n                                <p class=\"otitle\">\r\n                    （原标题：美国达特茅斯学院发生枪击案：1人被打伤 枪手在逃）\r\n                </p>\r\n                                <p>中新网11月3日电 据外媒报道，当地时间2日晚，美国新罕布什尔州汉诺威的达特茅斯学院发生枪击事件，一名非该校的学生遭枪击，警方目前正在搜捕枪手。</p><p>据汉诺威警方称，2日晚上9:50，一名非达特茅斯的学生在学校街1号的基督教科学阅览室遭枪击。</p><p>校园枪击案发生后，学校下令安置避难所。</p><p>枪手目前在逃。汉诺威警方正在搜捕这名肇事者。</p><p><!-- AD200x300_2 -->\r\n</p><div class=\"gg200x300\">\r\n<div class=\"at_item right_ad_item\" adtype=\"rightAd\" requesturl=\"https://nex.163.com/q?app=7BE0FC82&amp;c=news&amp;l=133&amp;site=netease&amp;affiliate=news&amp;cat=article&amp;type=logo300x250&amp;location=12\"></div>\r\n<a href=\"javascript:;\" target=\"_self\" class=\"ad_hover_href\"></a>\r\n</div>\r\n                <p></p>\r\n                                                <div class=\"ep-source cDGray\">\r\n                    <span class=\"left\"><a href=\"https://news.163.com/\"><img src=\"http://static.ws.126.net/cnews/css13/img/end_news.png\" alt=\"史建磊\" width=\"13\" height=\"12\" class=\"icon\"></a> 本文来源：中国新闻网  </span>\r\n                    <!--史建磊_NBJ11331--><span class=\"ep-editor\">责任编辑：史建磊_NBJ11331</span>                </div>\r\n                                								            </div>');
INSERT INTO `newslist` VALUES (5, '2018-11-03 20:01:29', 2, 'http://cms-bucket.nosdn.127.net/2018/11/03/26219840f7654999bbde4ae0fc65de13.png?imageView&thumbnail=140y88&quality=85', '重庆公交', '媒体评重庆公交坠江：雪崩了 有的雪花可能很无辜', '<div class=\"post_text\" id=\"endText\" style=\"border-top:1px solid #ddd;\">\r\n                                <p class=\"otitle\">\r\n                    （原标题：重庆公交车坠江：雪崩了，有的雪花可能很无辜）\r\n                </p>\r\n                                <p>因为一条短视频，“重庆万州公交车坠江”的话题再次引发关注。目前的视频证明，悲剧来源于一场无意义的争吵。</p><p>人们开始讨论司机与乘客的矛盾该如何解决。有人拿出香港巴士的例子当范例。在香港，车辆改道信息会贴在车窗上，所有分散司机注意力的行为都构成违法，包括与司机说话。这确实是内地公交车道路安全的盲点。</p><p>而在司乘矛盾的讨论声中，另外一种声音也相当惹眼：遇难的其他乘客也有责任，因为他们没有上前制止。这辆公交成为一个社会缩影。可真的如他们所说，雪崩了，“每片雪花并不无辜”吗？所谓“旁观者效应”或冷漠的旁观者，这样的思维是否有其解释边界？</p><p class=\"f_center\"><img alt=\"媒体评重庆公交坠江：雪崩了 有的雪花可能很无辜\" src=\"http://cms-bucket.nosdn.127.net/catchpic/1/19/19c22d5056803ffc392c09d373b6b509.jpeg?imageView&amp;thumbnail=550x0\" id=\"netease1541218352412752\" style=\"box-sizing: border-box; border-width: 0px; border-style: initial; vertical-align: middle; max-width: 100%; margin: 0px auto; display: block;\" contenteditable=\"false\">晴天的重庆万州长江二桥。图片@万州手机台</p><p><b>一场争吵，十五条人命</b></p><p>假设你也是车上的一员。</p><p>10月28日上午，星期天，天气，晴。</p><p>22路公交车上的一切与往日并没有什么不同，上车后的你坐到公交车后排靠窗的位子。过会儿公车会驶向长江二桥，你喜欢坐在这里，看长江的风景。</p><p>车上约摸有十几个人，你半闭着眼睛拿出手机听歌。前方传来一阵吵闹声，一位40来岁的乘客在和司机理论。她坐过站了，想下车，司机不允许。那位乘客全然不听司机的解释，二人争执起来。时间，10点3分32秒。</p><p>耳机里的音乐夹杂着前方的争吵声，你看见公交车行驶至长江二桥，车窗外的江面泛着粼粼波光。咔——你吃惊地抬头，刚才的声音来自于那名乘客，她动手了，拿手机砸向了司机。时间，10点8分49秒。</p><p>嘀嗒，嘀嗒，仅两秒之间——咔，砰，啊——司机回击，公车左转，车轮打滑，公交车撞向栏杆，紧接着，耳朵被惊恐的尖叫声填满……</p><p>10月28日上午10点8分51秒，重庆万州区22路公交车坠入长江，截止至11月2日，救援队确认，公交车上失联的15人中，13人遇难，2人仍旧失联。</p><p>5分钟争吵，2秒钟打斗，15条人命，消散于顷刻之间。</p><p>11月2日，公交车黑匣子记录的视频片段公布，我们得以知晓公车坠河最后时刻到底发生了什么。视频被疯狂转发时，一个朋友正身处高铁。看视频不要听声音，她在朋友圈状态里写到。你能明白那种感觉吗，火车上的人一个接一个打开视频，末尾的尖叫声、孩子的哭声此起彼伏地冲击着你……</p><p>惊恐，绝望，濒死的窒息感压迫着我们的鼓膜，时隔5天，当我们看到这些影像时，那撕人心肺的叫喊，再也没有了回响。</p><p>10月28日，长江水面泛着同往日一样的波光，晴天朗日之下，大桥之外的我们，正过着一个再普通不过的星期天。</p><p>雪崩时，没有一朵雪花是无辜的？</p><p>事故发生之后，长江二桥临时戒严。救援工作紧张地进行着，不远处站着听闻此事前来的人们。除了身在现场的他们，更多的人了解事态进程是通过手掌里的一方屏幕。</p><p>“女人车技就是不行！”“是女司机的错！”与此同时，人们把唇枪舌剑对准了与公交车相撞的小轿车司机——对，她是个女人，很多人在强调，她是个女人。第二天，小轿车司机的丈夫接受了媒体的采访，他说妻子已经被警方带走。他能理解网友的心情但是不能接受他们的指责，妻子有6年驾龄，论技术，比自己强。</p><p>“太气愤了。我觉得有些媒体网友乱报道，不知道事情的真相，就瞎报，瞎传。”</p><p>舆论的风向随着路面视频的公布转弯。而黑匣子视频公布之后，风向更是发生了180大转弯：有人开始指责乘客的无理取闹；有人讨论司机应急方式失当；还有人把矛头对准了不幸遇难的另外13名乘客——当车上其他乘客选择保持沉默，旁观者下一秒便成为了遇难者。</p><p>看客殒命。这场事故被人们包装成一则警世的人性寓言。</p><p>如果及时制止的话会怎么样？有媒体翻出了今年4月20日的视频。湖南一辆开往长沙的客车上，一名男乘客因自己错过站点，让司机违规停车遭到拒绝。乘客恼怒竟然公然抢夺方向盘，此时，另外一名男乘客飞身一脚，将闹事的乘客踹开……</p><p>“这神之一踹应该全国推广。”</p><p>“我们还要保持沉默吗？”</p><p>还有很多人联想到了短片《车四十四》。44号大巴车女司机受歹徒侮辱，车上的乘客无人制止，只有一名男乘客挺身而出，却被歹徒反刺一刀。女司机受辱后被歹徒放了回来继续开车，将见义勇为的男乘客赶下了车。郁闷的男乘客搭上了另外一辆车，不久他看见有警车驶过，原来，女司机把44号车开进山沟，车上所有人全部遇难。</p><p class=\"f_center\"><img alt=\"媒体评重庆公交坠江：雪崩了 有的雪花可能很无辜\" src=\"http://cms-bucket.nosdn.127.net/catchpic/9/97/973b92cde48c63ba6d3394bca3f8b364.jpeg?imageView&amp;thumbnail=550x0\" id=\"netease1541218352412963\" style=\"box-sizing: border-box; border-width: 0px; border-style: initial; vertical-align: middle; max-width: 100%; margin: 0px auto; display: block;\" contenteditable=\"false\">《车四十四》（2001）剧照。</p><p>雪崩时，没有一朵雪花是无辜的。这句用来批判看客的话被人们反复使用。旁观者效应，人们分析道，当旁观者的数量增多，救助的责任分散，人们见义勇为的可能性便会降低。道德与冷漠的人性，在这里产生了矛盾。</p><p>可是，重庆万州22路公交车上的遇难者们的悲剧，可以用冷漠的旁观者来解释吗？这一思维的代表之一是“旁观者效应”。</p><p><b>我们并不知道“旁观者”的真实状况</b></p><p>旁观者效应（也称“责任扩散效应”）的提出，要回溯一场几十年前震惊美国的凶杀案。</p><p>1964年，纽约，曼哈顿。基蒂·吉诺维斯从她经营的酒吧下班回家。在回公寓的路上，她遭遇一个持刀男人的袭击，身中数刀，大声呼喊救命。有人呵斥男人放开那个女孩，但没有人真正出来制止。</p><p>正欲逃走的凶犯返回将可怜的女孩击倒在地，袭击行为持续了35分钟。直到有人报了警。2分钟后，警察赶到现场，女孩已经惨死。警方调查发现周围有38人目睹了这一事件，只有一个人报了警。</p><p class=\"f_center\"><img alt=\"媒体评重庆公交坠江：雪崩了 有的雪花可能很无辜\" src=\"http://cms-bucket.nosdn.127.net/catchpic/9/91/91aad9492a6f6d2240aa10e69366f339.jpeg?imageView&amp;thumbnail=550x0\" id=\"netease154121835241256\" style=\"box-sizing: border-box; border-width: 0px; border-style: initial; vertical-align: middle; max-width: 100%; margin: 0px auto; display: block;\" contenteditable=\"false\">受害者基蒂·吉诺维斯，与案发附近。</p><p>冷漠的人性引起了社会心理学家的兴趣。1968年，旁观者效应在心理学家拉塔尼和达利的实验中首度得到证实。在他们的实验中，当有其他旁观者在场的时候，人们面对假装癫痫病发的患者出手相助的概率会有所降低。</p><p>无旁观者在场：85%被试出手相助；平均反应时间不到1分钟。</p><p>有旁观者在场：31%被试出手相助；平均反应时间接近3分钟。</p><p>后来的心理学家在其他实验中也陆续证实了旁观者效应的存在，并试图从责任分散、从众心理、观众抑制等方面给出解释。近年来认知心理学家们还采用核磁共振成像技术来探索大脑哪一块区域驱动了旁观者效应。</p><p>然而在2007年，被视为旁观者效应经典案例的基蒂·吉诺维斯曝出报道有假——对38位旁观者的冷漠指控不实。当年报道它的《纽约时报》记者在采访时，经手的警官随口杜撰了38这么个数字。事实上，行凶地点在灰暗的街角，没有那么多亮着灯光的房间恰好看见了行凶过程。此外，当年的报道还有非常多的不实之处，警方到场时基蒂没有死亡，但深受重伤；该案不是没人报警，有人打电话到警察局，接电话的警察却不以为意……</p><p>2016年，《纽约时报》承认当年基蒂·吉诺维斯报道失实，对于旁观者数量有极高的夸大成分。</p><p>虽然基蒂·吉诺维斯案带动了心理学研究，推进了美国911报警热线的诞生和《见义勇为法》的推行，但这一经典案例失去了对“旁观者效应”的验证力。因为基于失实的报道，我们对所谓旁观者们的真实处境，其实一无所知。</p><p>重庆万州公交车坠江事故同理。车上的其他乘客在事发之时的处境如何，我们也毫不知情。从公开的资料中看，我们只知道在坠江前的几十秒内无人出手制止。是否有呵斥或劝解无从所知。当争吵升级至打斗，短短两秒时间公车便坠向江面，车上的人们根本没有时间去制止。</p><p>这件事情最明确的责任方是挑起争端的乘客刘某，她以一己之私危害了他人安全。司机冉某也负有一定责任，与乘客发生争端时应与全车的安危为先，而他为何要向左打方向盘导致车辆坠江，到现在也没有官方的解释。</p><p>当新闻事件中出现看客的角色，总会有人想到追究看客的责任。但归属责任时要以理清事实为前提。在22路公交车上的13名受难者，他们或许以为那只是一场不会引发严重后果的言语争吵，当发现事态有变，制止，已经来不及。</p><p><b>那本该是一个温馨的星期天</b></p><p>2018年10月31日晚23时28分，重庆万州长江二桥坠江公交车被打捞出水。暮秋的夜晚，江面被灯光照得透亮，现场的救援人员默立哀悼。坠入长江之后，公交车呈30度角前倾正向搁置在水下礁石上，结构总体完整，玻璃全部破损，上层部分坍塌。</p><p class=\"f_center\"><img alt=\"媒体评重庆公交坠江：雪崩了 有的雪花可能很无辜\" src=\"http://cms-bucket.nosdn.127.net/catchpic/c/cf/cf56b461421c72b98c01f67497b49e6e.jpeg?imageView&amp;thumbnail=550x0\" id=\"netease1541218352412159\" style=\"box-sizing: border-box; border-width: 0px; border-style: initial; vertical-align: middle; max-width: 100%; margin: 0px auto; display: block;\" contenteditable=\"false\">图片来自微博@万州发布</p><p>看着网上对于旁观者的指责，我想知道那些乘客在生活中都是什么样的人。随着事故调查的推进和媒体的跟踪报道，他们的形象也渐渐明晰起来。</p><p>10月28日凌晨5点1分，司机冉某离家上班。出事前，他已经安全跑了两趟车。官方调查中写他：事发前一晚，与父母一起用晚餐，未饮酒，21时许回到自己房间，精神情况正常。事发时天气晴朗，事发路段平整，无坑洼及障碍物，行车视线良好。</p><p>9时35分，刘某上车。她想要下车的目的地因为道路维修改道无法停车，也未听司机提醒提前一站下车。公号“每日人物”采访中说她不招人喜欢，冲动暴躁。</p><p>9点38分，退休教师周大观上车了。他从菊花展上回来，要回家吃饭。 “每日人物”的报道中能看到周大观的微信名叫“重逢”，因为“观”字拆开，是“又见”。周大观的孩子周小波是救援人员之一，他最常挂在嘴边的话是：“我没事”。</p><p>后来上车的，有带着两个3岁小孩子出去玩的外婆和妈妈，有没等孩子接、准备自己坐公交车给儿媳妇带去生日惊喜的老人。</p><p class=\"f_center\"><img alt=\"媒体评重庆公交坠江：雪崩了 有的雪花可能很无辜\" src=\"http://cms-bucket.nosdn.127.net/catchpic/5/51/515e43f313755e8c9be4f58277498452.jpeg?imageView&amp;thumbnail=550x0\" id=\"netease154121835241244\" style=\"box-sizing: border-box; border-width: 0px; border-style: initial; vertical-align: middle; max-width: 100%; margin: 0px auto; display: block;\" contenteditable=\"false\">10月29日晚，重庆万州，一些市民在现场等待救援结果。新京报记者 彭子洋摄</p><p>对很多人来说，这本该是一个多么温馨的星期天。</p><p>如果真是相撞导致的交通事故，也许人们的内心会好受一点点。一场无意义的争吵，一个人的零星小恶，生活中的点滴背后，竟然埋藏着不定时炸弹。</p><br><!-- AD200x300_2 -->\r\n<div class=\"gg200x300\">\r\n<div class=\"at_item right_ad_item\" adtype=\"rightAd\" requesturl=\"https://nex.163.com/q?app=7BE0FC82&amp;c=news&amp;l=133&amp;site=netease&amp;affiliate=news&amp;cat=article&amp;type=logo300x250&amp;location=12\"></div>\r\n<a href=\"javascript:;\" target=\"_self\" class=\"ad_hover_href\"></a>\r\n</div><p>11月2日，长江二桥解除了交通管制，长江水依然流淌着，这件事故总有一天会成为历史的尘埃，在档案室中尘封。或许未来的人们在以后的新闻事件中，会反复提及旁观者这一话题，会继续纠结，为何社会文化如此推崇利他和见义勇为，人们依然无法挣脱旁观者效应的束缚？若旁观者效应真的导致了悲剧发生，旁观者是否应该负法律责任？然而对于在22号公交车上枉死的遇难者们，在没有确凿的证据之前，却贸然使用“看客”去定义显然不妥。</p><pre datatype=\"specialtag\" datavalue=\"推荐\" style=\"white-space: pre-wrap; display: none; border: 3px solid blue;\" title=\"推荐\"><p><a href=\"https://news.163.com/18/1102/17/DVKH1CKH000187VE.html\" target=\"_self\" urlmacroreplace=\"false\" style=\"line-height: 1;\">有网友指责坠江公交上其他乘客:一群麻木的围观者</a></p><p>重庆万州公交车坠江事故，调查结果公布了。48岁的乘客刘某因为坐过站而跟司机吵架，并持手机砸司机头部，司机用右手抵挡、还击，后来急打方向盘，导致车辆失控越过中心线，与对面的小车相撞后，撞断大桥护栏坠入江中。仅仅因为一个人坐过站，全车十几人从此再也到不了站，这样的代价沉重到让人窒息。</p></pre><div class=\"special_tag_wrap\"><div class=\"special_tag special_tag_tj\"><div class=\"special_tag_ttl\">延伸 · 推荐</div><div class=\"special_tag_cnt\"><p><a href=\"https://news.163.com/18/1102/17/DVKH1CKH000187VE.html\" target=\"_self\" urlmacroreplace=\"false\" style=\"line-height: 1;\">有网友指责坠江公交上其他乘客:一群麻木的围观者</a></p><p>重庆万州公交车坠江事故，调查结果公布了。48岁的乘客刘某因为坐过站而跟司机吵架，并持手机砸司机头部，司机用右手抵挡、还击，后来急打方向盘，导致车辆失控越过中心线，与对面的小车相撞后，撞断大桥护栏坠入江中。仅仅因为一个人坐过站，全车十几人从此再也到不了站，这样的代价沉重到让人窒息。</p></div></div></div>\r\n                <p></p>\r\n                                                <div class=\"ep-source cDGray\">\r\n                    <span class=\"left\"><a href=\"https://news.163.com/\"><img src=\"http://static.ws.126.net/cnews/css13/img/end_news.png\" alt=\"王丽珊\" width=\"13\" height=\"12\" class=\"icon\"></a> 本文来源：新京报  </span>\r\n                    <!--杨艺_NBJ10647--><span class=\"ep-editor\">责任编辑：杨艺_NBJ10647</span>                </div>\r\n                                								            </div>');
INSERT INTO `newslist` VALUES (6, '2018-11-03 20:02:04', 5, 'http://cms-bucket.nosdn.127.net/2018/11/03/9a8e8baf9f624d6aac27199b2fa3cd5c.png?imageView&thumbnail=140y88&quality=85', '商务部发文', '商务部：中方愿通过平等诚信的磋商与美方解决分歧', '<div class=\"post_text\" id=\"endText\" style=\"border-top:1px solid #ddd;\">\r\n                                <p class=\"otitle\">\r\n                    （原标题：商务部：中方愿通过平等诚信、相互尊重的磋商与美方解决分歧）\r\n                </p>\r\n                                <p>商务部副部长王炳南3日在上海举行的新闻发布会上称，中美经贸关系的本质是合作共赢，中方愿通过平等诚信、相互尊重的磋商与美方解决分歧。此前，中美元首曾通电话，表示两国经济团队要加强接触，开展磋商。</p><pre datatype=\"specialtag\" datavalue=\"推荐\" style=\"white-space: pre-wrap; display: none; border: 3px solid blue;\" title=\"推荐\"><p><!-- AD200x300_2 -->\r\n</p><div class=\"gg200x300\">\r\n<div class=\"at_item right_ad_item\" adtype=\"rightAd\" requesturl=\"https://nex.163.com/q?app=7BE0FC82&amp;c=news&amp;l=133&amp;site=netease&amp;affiliate=news&amp;cat=article&amp;type=logo300x250&amp;location=12\"></div>\r\n<a href=\"javascript:;\" target=\"_self\" class=\"ad_hover_href\"></a>\r\n</div><p><a href=\"https://news.163.com/18/1018/23/DUEI7THI0001875O.html\" target=\"_self\" urlmacroreplace=\"false\" style=\"line-height: 1;\">媒体:中美\"心结\"如何解?美国当从三个方面“解铃”</a></p><p>美国副总统彭斯日前在美智库哈德逊研究所发表演讲，剑指中国。彭斯的“戏剧性言论”在国际社会引发热议与批评。作为历史文化、社会制度、发展水平存在明显差异的两个国家，彼此之间存在疑虑、矛盾甚至摩擦也属正常，关键是如何看待、如何判断、如何处理。</p></pre><div class=\"special_tag_wrap\"><div class=\"special_tag special_tag_tj\"><div class=\"special_tag_ttl\">延伸 · 推荐</div><div class=\"special_tag_cnt\"><p><!-- AD200x300_2 -->\r\n</p><div class=\"gg200x300\">\r\n<div class=\"at_item right_ad_item\" adtype=\"rightAd\" requesturl=\"https://nex.163.com/q?app=7BE0FC82&amp;c=news&amp;l=133&amp;site=netease&amp;affiliate=news&amp;cat=article&amp;type=logo300x250&amp;location=12\"></div>\r\n<a href=\"javascript:;\" target=\"_self\" class=\"ad_hover_href\"></a>\r\n</div><p><a href=\"https://news.163.com/18/1018/23/DUEI7THI0001875O.html\" target=\"_self\" urlmacroreplace=\"false\" style=\"line-height: 1;\">媒体:中美\"心结\"如何解?美国当从三个方面“解铃”</a></p><p>美国副总统彭斯日前在美智库哈德逊研究所发表演讲，剑指中国。彭斯的“戏剧性言论”在国际社会引发热议与批评。作为历史文化、社会制度、发展水平存在明显差异的两个国家，彼此之间存在疑虑、矛盾甚至摩擦也属正常，关键是如何看待、如何判断、如何处理。</p></div></div></div>\r\n                <p></p>\r\n                                                <div class=\"ep-source cDGray\">\r\n                    <span class=\"left\"><a href=\"https://news.163.com/\"><img src=\"http://static.ws.126.net/cnews/css13/img/end_news.png\" alt=\"王丽珊\" width=\"13\" height=\"12\" class=\"icon\"></a> 本文来源：国是直通车  </span>\r\n                    <!--杨艺_NBJ10647--><span class=\"ep-editor\">责任编辑：杨艺_NBJ10647</span>                </div>\r\n                                								            </div>');
INSERT INTO `newslist` VALUES (7, '2018-11-03 20:03:46', 2, 'http://cms-bucket.nosdn.127.net/2018/11/03/cd8c1d8206c14fcdac6749d9814e3e1b.jpeg?imageView&thumbnail=140y88&quality=85', '俄罗斯四驱车', '俄四驱飞行摩托已接受预定 每台15万美元', '<div class=\"post_text\" id=\"endText\" style=\"border-top:1px solid #ddd;\" jcid=\"7611\">\r\n                                <p class=\"otitle\">\r\n                    （原标题：省纪委监委通报9起 涉黑涉恶腐败和“保护伞”问题典型案例）\r\n                </p>\r\n                                <p>扫黑除恶专项斗争开展以来，全省各级纪检监察机关认真贯彻落实党中央、中央纪委国家监委和省委关于扫黑除恶专项斗争的决策部署，坚决查处涉黑涉恶腐败和“保护伞”以及工作推进不力等问题，取得了阶段性成效。为强化警示教育，推进涉黑涉恶腐败和“保护伞”问题专项整治工作深入开展，日前，省纪委监委通报9起涉黑涉恶腐败和“保护伞”问题典型案例。</p><p><strong style=\"; ; ;Hiragino Sans GB&quot;, &quot;Microsoft Yahei&quot;, sans-serif; letter-spacing: 0.5px; text-align: start;\">1.五常市五常镇原党委委员、武装部长周广宝组织、领导黑社会性质组织案。</strong></p><p>2002年以来，五常镇万宝山村以时任党支部书记周广宝为首的黑社会性质团伙，长期把持操控村级政权；垄断集体资源，控制本村经济命脉；与社会经商人员结拜兄弟，凭借非法聚敛的钱财，合伙开办企业；借征地拆迁和土地承包之机，大肆侵吞集体资产；利用职务便利，收受他人财物，多次非法转让村集体土地；伪造学历档案，编造个人履历；横行乡里，随意殴打辱骂村民，疯狂打击报复上访群众，严重危害当地生产生活秩序。2018年9月，周广宝受到开除党籍、开除公职处分，其涉嫌犯罪问题被移送司法机关依法处理。该案涉及其他党员干部和公职人员12人。其中，周广宝犯罪团伙成员万宝山村原村委会主任陈文财、原团支部书记周生辉、原党支部副书记陈腾龙、原会计蔡连斌、原屯长蔡庆均受到开除党籍处分，涉嫌犯罪问题被移送司法机关依法处理。五常镇原镇长张力忠、五常市公安局循礼派出所原教导员孙宇因包庇、纵容周广宝犯罪团伙，均受到开除党籍、开除公职处分，涉嫌犯罪问题被移送司法机关依法处理。五常市法院原副院长刘晏、五常市法院刑庭庭长赵金富涉嫌充当“保护伞”被立案审查。五常镇原党委书记任志民、现任党委书记冯晓东、原纪委书记张化海因履行主体责任和监督责任不力被立案审查。</p><p><strong style=\"; ; ;Hiragino Sans GB&quot;, &quot;Microsoft Yahei&quot;, sans-serif; letter-spacing: 0.5px; text-align: start;\">2.哈尔滨市公安交警系统部分民警充当恶势力“保护伞”案。</strong></p><p>2011年以来，以姜勇等为首的6个恶势力“保车”团伙垄断哈尔滨市大货车运输市场，收取车主“保护费”，行贿执法人员放行违法车辆，造成违法大货车上路疯狂行驶，严重威胁群众生命财产安全。哈尔滨市公安交警系统部分民警失职渎职，有的民警甚至充当恶势力“保车”团伙“保护伞”，涉及哈尔滨市交警系统民警43人。其中，哈尔滨市交警支队原副支队长王伟收受贿赂，为“保车”团伙精心设计“路条”，冬季运煤冠以“市政府暖心工程”，夏季拉残土称作“市政府重点工程”，违法超载运营不受时间、路段约束。哈尔滨市交警支队巡逻大队原副大队长李名实等人擅自更改行政强制处罚凭证，为“保车”团伙提供的违法车辆减轻处罚。哈尔滨市交警呼兰大队原大队长于广军收受贿赂，指使辖区交警对某工地出入的违法大货车一律放行，不予处罚。哈尔滨市阿城区公安局交警大队安全员王伟，先后20余次将突击检查信息泄露给“保车”团伙。其他民警存在索取、收受贿赂，滥用职权随意放行违法车辆、弄虚作假减轻处罚、通风报信泄露秘密、违规干预执法活动等问题。2018年6月，哈尔滨市交警支队原副支队长王伟、市交警支队巡逻大队原副大队长李名实、市交警呼兰大队原大队长于广军分别受到开除党籍、开除公职处分，涉嫌犯罪问题被移送司法机关依法处理；哈尔滨市阿城区公安局交警大队安全员王伟受到政务记过处分；其他39名违纪违法民警分别受到党纪政务处分。</p><p><strong style=\"; ; ;Hiragino Sans GB&quot;, &quot;Microsoft Yahei&quot;, sans-serif; letter-spacing: 0.5px; text-align: start;\">3.海林市人民检察院技术室原副主任陈志伟涉恶腐败案。</strong></p><p><b>2005年以来，以陈志伟为首的恶势力犯罪团伙违规经商，参与并实际经营典当公司；违法高息放贷，借机强取豪夺，非法获利数额巨大；非法拘禁，纠集社会人员限制未偿还借贷利息人员的人身自由；寻衅滋事，殴打他人致轻伤害；非法采矿，占用毁坏耕地；与人发生口角，持枪射击造成他人死亡，涉嫌故意杀人；弄虚作假，骗取干部和党员身份。</b>2018年9月，陈志伟受到开除党籍、开除公职处分，其涉嫌犯罪问题被移送司法机关依法处理。该案件涉及其他党员干部和公职人员14人。其中，海林市人民检察院原检察长郭世昌、原副检察长彭孟君因对陈志伟弄虚作假入党政审把关不严等问题，分别受到党内严重警告处分；海林市公安局法制科原科员韩国军因对陈志伟涉嫌故意杀人案调查卷宗丢失负有直接责任，受到行政降级处分；海林市公安局原党委书记、局长韩宝林，海林市国土资源局局长王晔等其他11名涉案人员均被立案审查。</p><p><strong style=\"; ; ;Hiragino Sans GB&quot;, &quot;Microsoft Yahei&quot;, sans-serif; letter-spacing: 0.5px; text-align: start;\">4.齐齐哈尔高速公路管理处泰来收费站原副站长吴琼等人充当恶势力“保护伞”案。</strong></p><p>2016年至2018年，以刘忠文、杨建辉为首的齐齐哈尔市铁锋区恶势力团伙，采取威胁恐吓等手段垄断扎龙苇塘资源，强行收取拉芦苇货车司机“保道费”，帮助超高超限车辆通过收费站，严重扰乱当地运输市场。齐齐哈尔高速公路管理处泰来收费站、大庆高速公路管理处齐齐哈尔收费站部分工作人员失职渎职，收受该团伙贿赂，违法放行超高超限车辆。该案涉及9名公职人员。其中，齐齐哈尔高速公路管理处泰来收费站副站长吴琼多次通过微信转账方式收受杨建辉贿赂，违法放行该团伙提供的超高超限货车200多辆次。大庆高速公路管理处齐齐哈尔收费站合同制职工王吉云等8人收受犯罪团伙贿赂，不正确履行职责，帮助超高超限车辆逃避处罚。吴琼受到撤销党内职务、政务撤职处分，王吉云等8人均被解除劳动合同。</p><p><strong style=\"; ; ;Hiragino Sans GB&quot;, &quot;Microsoft Yahei&quot;, sans-serif; letter-spacing: 0.5px; text-align: start;\">5.北安监狱原党委委员、政治处主任刘亮等人充当涉黑犯罪团伙“保护伞”案。</strong></p><p>2018年5月，齐齐哈尔市公安局对以崔巍为首的涉黑犯罪团伙立案侦查。专案组在北安监狱提审相关在押人员时，刘亮与北安监狱狱内侦查科副科长刘功楠、六监区二级警员程子江接受崔巍请托，打探专案组情况，故意泄露专案信息，导致多名重要嫌疑人逃匿；故意以被提审人精神状态不佳和主管领导外出为由拒绝提审，阻碍专案组获取关键性证据，严重干扰调查取证工作。2018年10月，刘亮、刘功楠、程子江分别受到开除党籍、开除公职处分，涉嫌犯罪问题被移送司法机关依法处理。</p><p><strong style=\"; ; ;Hiragino Sans GB&quot;, &quot;Microsoft Yahei&quot;, sans-serif; letter-spacing: 0.5px; text-align: start;\">6.庆安县欢胜乡永利村原民兵连长孙兆祥涉恶腐败案。</strong></p><p>2013年以来，孙兆祥依仗家族势力，采取暴力威胁手段进入村级政权担任村民兵连长；以酒后驾驶车辆、打麻将赌博为由敲诈勒索村民财物；以施工运土车碾压自家耕地为由，随意设卡阻拦车辆，多次强行收取“补偿款”；私下将自家房屋点燃烧毁，骗取保险赔偿金；因派出所工作人员没有满足其不合理要求，大闹派出所导致无法正常办公；因与邻村居民张某发生口角，指使他人殴打张某致轻伤。2018年7月，孙兆祥受到开除党籍处分，其涉嫌犯罪问题被移送司法机关依法处理。</p><p><strong style=\"; ; ;Hiragino Sans GB&quot;, &quot;Microsoft Yahei&quot;, sans-serif; letter-spacing: 0.5px; text-align: start;\">7.望奎县恭六乡原人大主席胡春和涉恶腐败案。</strong></p><p>2008年以来，胡春和单独或伙同妻弟李国庆等人欺行霸市，以暴力手段垄断恭六乡惠五村收割机租用市场，对租用外村收割机的村民，轻则拳打脚踢、重则棍棒交加；利用职务影响，为李国庆违法行为开脱责任，减轻处罚；强行占有林地，拒绝缴纳承包费；欺压殴打村民赵某致左耳鼓膜穿孔。2018年9月，胡春和受到开除党籍处分，其涉嫌犯罪问题被移送司法机关依法处理。</p><p><strong style=\"; ; ;Hiragino Sans GB&quot;, &quot;Microsoft Yahei&quot;, sans-serif; letter-spacing: 0.5px; text-align: start;\">8.鹤岗市东山区东方红乡东兴村原党支部书记于友贵等涉恶腐败案。</strong></p><p>2005年以来，于友贵组织东兴村原村委会主任李红军以及部分村民形成恶势力团伙，长期把持操控村级政权；指使团伙成员殴打村民许某致多处骨折，迫使其离村居住；敲诈勒索，强行收取某煤矿地质勘测队占地“补偿款”。2018年8月，于友贵、李红军分别受到开除党籍处分，涉嫌犯罪问题被移送司法机关依法处理。</p><p><strong style=\"; ; ;Hiragino Sans GB&quot;, &quot;Microsoft Yahei&quot;, sans-serif; letter-spacing: 0.5px; text-align: start;\">9.鹤岗市东山区蔬园乡黎明村原村委会主任马明亮涉恶腐败案。</strong></p><p>2014年以来，马明亮与本村村民陈某、马某臣等人利用家族关系及经济利益关系形成恶势力团伙，破坏基层换届选举，对候选人于某进行殴打致轻伤害，逼迫其退出村委会主任竞选；欺压百姓，因停车问题殴打村民李某致鼻骨骨折、左臂脱臼，因取暖问题殴打并持刀追砍村民刘某致轻伤害；扰乱公共秩序，在鹤岗市某楼顶悬挂条幅诽谤他人，造成大量群众围观，严重影响社会秩序。2018年9月，鹤岗市东山区监察委员会向蔬园乡人民政府提出监察建议（马明亮非中共党员），依法罢免马明亮村委会主任职务，其涉嫌犯罪问题被移送司法机关依法处理。</p><p>通报指出，从以上9起典型案例可以看出，有的党员干部和公职人员庇护、纵容涉黑涉恶团伙活动，为黑恶势力充当“保护伞”；有的“村两委”人员直接组织、领导、参加涉黑涉恶违法犯罪，把持操控基层政权，利用家族势力横行乡里、称霸一方、欺压残害百姓。这些问题严重破坏了当地政治生态、经济秩序和社会稳定，严重影响了人民群众的获得感、幸福感、安全感，必须依纪依法严肃查处。</p><p>通报要求，全省各级纪检监察机关要坚决贯彻落实党中央、中央纪委国家监委和省委的部署，增强政治使命感和责任感，协助、督促同级党委担当扫黑除恶主体责任，层层传导压力，逐级压实责任。要加大办案力度，对干扰多阻力大、疑难复杂的案件，要提级办理、异地管辖；对在本辖区有影响、有阻力的重要案件，纪委书记要亲自组织、直接指挥。要强化督促指导，各级纪委监委领导班子成员要包联重点地区、重点行业、重点案件，点对点指导督促地方办案；对查处“保护伞”未破零、见“黑”不见“伞”现象突出、问题线索积存较多的地方，上级纪委监委要派员蹲点督导。要强化协同配合，凡是公安机关查处的涉黑案件，必须主动介入；凡是黑恶势力违法犯罪和腐败问题深度交织的复杂案件，必须同步立案、同步调查；凡是政法机关移交的问题线索，必须优先处置、一律核查并反馈结果。要强化办案治本作用，以案促改，采取多种方式通报曝光典型案例，起到警示震慑作用。要针对案件暴露出的问题，推动综合治理，促进全面从严治党向基层延伸。</p><p><b>延伸阅读</b></p><p><b>标题：牡丹江市纪委监委通报7起为恶势力犯罪团伙充当“保护伞”问题典型案例</b></p><p>内文</p><p>日前，牡丹江市纪委监委通报7起为以海林市人民检察院技术室原副主任陈志伟为首的恶势力犯罪团伙充当“保护伞”问题典型案例。</p><p><b>1.</b><b>海林市公安局原党委书记、局长韩宝林有案不办、办案不力问题。</b>1993年1月，陈志伟枪击他人致死。韩宝林在同年8月任海林市公安局党委书记、局长后，对陈志伟涉嫌刑事犯罪案件久拖未决，使其未受到应有法律制裁；1994年初，韩宝林要求陈志伟父亲陈富清出资在山东烟台购买两栋别墅，供公安干警疗养休假使用，并纵容、放任陈富清在海林市公安局“吃空饷”。韩宝林受到开除党籍处分，降低退休待遇，按科员确定基本退休费和补贴。</p><p><b>2.</b><b>海林市公安局法制科原科员韩国军未认真履行职责、遗失卷宗问题。</b>1993年，陈志伟枪击他人致死案件卷宗存放于海林市公安局法制科，韩国军未认真履行保管职责，对陈志伟涉嫌故意杀人案调查卷宗丢失负有直接责任，直接影响和阻碍了案件侦办，致使陈志伟未被及时追究相应刑事责任。韩国军受到开除党籍、行政降级处分。</p><p><b>3.</b><b>海林市人民检察院原检察长郭世昌有案不查、蓄意包庇问题。</b>1993年，陈志伟枪击他人致死后，郭世昌拖延处理、蓄意包庇，使其未受到任何处分，造成恶劣社会影响。1993年5月，陈志伟不具备吸收录用为国家干部条件，郭世昌同意将其列入录用范围，使其正处于被刑事侦查期间却违规被吸收录用为国家干部。郭世昌受到党内严重警告处分。</p><p><b>4.</b><b>海林市国土资源局党组书记、局长王晔不正确履行职责、纵容非法获利问题。</b>2014年，经卫星图片核查后，王晔明知陈志伟经营的砂场存在非法采砂行为，未责成国土执法监察局立案查处，并为逃避追责认定该砂场不存在违法行为，导致陈志伟非法采砂获利700余万元。王晔受到开除党籍处分，涉嫌职务犯罪问题移交司法机关依法处理。</p><p><b>5.</b><b>海林市国土资源执法监察局原局长石晓波不依法履职、有案不查问题。</b>2012年至2014年，石晓波发现陈志伟的砂场从事非法采砂活动，但未依法对其非法采砂行为及时制止和立案查处，致使陈志伟非法采砂、破坏耕地行为持续发生，获取巨额利益。石晓波受到开除党籍处分，涉嫌职务犯罪问题移交司法机关依法处理。</p><p><!-- AD200x300_2 -->\r\n</p><div class=\"gg200x300\">\r\n<div class=\"at_item right_ad_item\" adtype=\"rightAd\" requesturl=\"https://nex.163.com/q?app=7BE0FC82&amp;c=news&amp;l=133&amp;site=netease&amp;affiliate=news&amp;cat=article&amp;type=logo300x250&amp;location=12\"></div>\r\n<a href=\"javascript:;\" target=\"_self\" class=\"ad_hover_href\"></a>\r\n</div><p><b>6.</b><b>海林市水务局河道管理站原站长宋成文不履行职责、为非法获利提供便利问题。</b>2012年10月至2017年10月，宋成文对陈志伟未取得《采砂许可证》非法采砂行为不管不问，为其实施不法行为和非法获利提供便利。宋成文受到留党察看一年、撤职处分。</p><p><b>7.</b><b>宁安市农电公司原党总支组织委员、经理王大力弄虚作假、为非法获利提供便利问题。</b>2012年4月，陈志伟的砂场向海林市农电公司申请用电类别变更，经时任海林市农电公司经理王大力违规审批，该砂场用电用户名变更为海林市九龙鹿业有限公司，用电类别由大工业电变更为城乡居民照明电，给国家造成经济损失29万余元。王大力受到撤销党内职务、撤职处分。</p><p>此外，陈志伟案件其他涉案公职人员正在核查处置中。</p>\r\n                <p></p>\r\n                                                <div class=\"ep-source cDGray\">\r\n                    <span class=\"left\"><a href=\"https://news.163.com/\"><img src=\"http://static.ws.126.net/cnews/css13/img/end_news.png\" alt=\"徐萌\" width=\"13\" height=\"12\" class=\"icon\"></a> 本文来源：黑龙江省纪委监委网站  </span>\r\n                    <!--杨艺_NBJ10647--><span class=\"ep-editor\">责任编辑：杨艺_NBJ10647</span>                </div>\r\n                                								            </div>');
INSERT INTO `newslist` VALUES (8, '2018-11-03 20:02:31', 2, 'http://cms-bucket.nosdn.127.net/2018/11/03/b2d456f7a8784d009bc42cba200210f6.png?imageView&thumbnail=140y88&quality=85', '巴铁新总理访华', '＂巴铁＂新总理伊姆兰·汗首次访华 4大信号非同一般', '<div class=\"post_text\" id=\"endText\" style=\"border-top:1px solid #ddd;\">\r\n                                <p class=\"otitle\">\r\n                    （原标题：“巴铁”新总理首次访华，4大信号非同一般）\r\n                </p>\r\n                                <p>11月1日，巴基斯坦新任总理伊姆兰·汗开启了任内首次访华之旅。原本，伊姆兰·汗计划今天才抵达中国，但他提前一天启程，用以增加在华时间，从而能够与中方开展更加充分的互动。</p><p>此次访华，从一开始就非同一般。<b>长安街知事</b>发现，伊姆兰·汗此次访华还有4大特殊之处——</p><p>首先在时间安排上，这是伊姆兰·汗就任总理后首次对中国进行正式访问，很多西方挑拨中巴关系的谣言，因为他的到来不攻自破；其次，伊姆兰·汗同时还要出席首届中国国际进口博览会，这是中国今年主场外交的压轴之作；再次，向中国学习脱贫经验，将更加紧密中巴关系；最后，也是极为关键的一点，伊姆兰·汗的任期直到2023年，此次访问中的决定将会在此期间一直实施。</p><p class=\"f_center\"><img src=\"http://cms-bucket.nosdn.127.net/2018/11/03/3625d558d65248cb829d9bf6d639554b.jpeg\" alt=\"“巴铁”新总理首次访华，4大信号非同一般\" style=\"border-width: 0px; border-style: initial; border-; display: block; max-width: 100%; margin: 0px auto;\"><br></p><p><b>知根知底</b></p><p>伊姆兰·汗此次对中国的访问，直接回击了前段时间西方媒体的谣言。</p><p>由于伊姆兰·汗有长期在英国学习的背景，他在牛津大学读书时担任过受人欢迎的板球队长，曾经深度融入西方社会，因此，在他上任后，西方国家一直在试图利用这个机会，挑拨巴基斯坦与中国的关系。</p><p>巴基斯坦的中国问题学者穆阿兹·阿万1日在接受媒体采访时表示，伊姆兰汗已经离开西方二十几年了，他已经不代表西方国家的人，而是代表巴基斯坦人，他这次访问中国的主要目的，是向所有的人表示中国和巴基斯坦的关系还是和以前那么铁，那么甜。</p><p class=\"f_center\"><img src=\"http://cms-bucket.nosdn.127.net/2018/11/03/c57fa9818aeb472189f925634e99d53d.jpeg\" alt=\"“巴铁”新总理首次访华，4大信号非同一般\" style=\"border-width: 0px; border-style: initial; border-; display: block; max-width: 100%; margin: 0px auto;\"></p><p>伊姆兰·汗此访的目标是学习中国快速发展的经验。</p><p>巴基斯坦《黎明报》1日发表文章，伊姆兰·汗称赞中国近年来在扶贫领域所取得的显著成就，他表示，中国为包括巴基斯坦在内的广大发展中国家树立了良好的榜样，需要学习中国的成功经验。</p><p>这已经不是伊姆兰·汗第一次这样表态。更值得注意的是，他曾说过，带领巴基斯坦人民脱贫是他领导的正义运动党的纲领性宣言，而中国在这一领域取得了“令人难以置信的成就”。</p><p>在“纲领性宣言”上与中国的发展看齐，并一再强调向中国学习，巴基斯坦和中国的关系不言而喻。</p><p>伊斯兰堡国立科学技术大学中国研究中心著名汉学家扎米尔·艾哈迈德·阿万教授撰文认为，巴中两国的关系本质上是独一无二又十分纯粹的，两国相互知根知底又了解彼此的需求。</p><p><b>“依靠中国”</b></p><p>访华期间，伊姆兰·汗将率领76人的代表团参加中国国际进口博览会，除有十多家巴基斯坦企业参展之外，另有50多家巴企业参加中巴企业间的供需对接活动。</p><p><b>长安街知事</b>注意到，在即将对中国进行正式访问前夕，伊姆兰·汗在首都伊斯兰堡接受了中国媒体联合采访，他进一步阐述了此次访华及参加首届进博会的期盼。</p><p>第一，巴基斯坦需要出口，我们需要在促进出口上获得帮助。</p><p>第二，巴基斯坦不仅要学习中国成功的经验，也要学习如何从中国经验中获益。此次博览会为巴基斯坦提供了一个重要机会，巴方将展示自己的优势产品。</p><p>第三，中巴经济走廊为巴基斯坦带来大量投资，为当地发展提供很大帮助。随着走廊建设不断深化，下一步希望与中国加深在产业和民生方面的合作。</p><p>第四，如果有一种国家关系，让每一个巴基斯坦人想到，在任何需要帮助的时候，只能依靠一个国家的话，那一定是中国。</p><p>“只能依靠的国家是中国！”就这样一句话，足以说明伊姆兰·汗此次访华的分量。</p><p class=\"f_center\"><img src=\"http://cms-bucket.nosdn.127.net/2018/11/03/cdda2bfef4b74bbaa5096a270195c846.jpeg\" alt=\"“巴铁”新总理首次访华，4大信号非同一般\" style=\"border-width: 0px; border-style: initial; border-; display: block; max-width: 100%; margin: 0px auto;\"><br></p><p>巴媒评价认为，此次访问恰逢关键时刻，可以肯定的是，两国领导人还将讨论当前的国际和地区局势。</p><p>而至关重要的是，伊姆兰·汗此次访华将会确定未来五年的行动方案。伊姆兰·汗的任期直到2023年，此次访问中的决定将会在此期间一直实施。</p><p><b>睦邻典范</b></p><p>对于伊姆兰·汗访华，中方同样很期待。</p><p>最近的外交部例行记者会对此事已经有连续表态。10月26日，华春莹表示，我们愿同巴方一道，将中巴关系打造成睦邻友好的典范、地区和平稳定的支柱和共建“一带一路”的标杆。</p><p>10月29日，陆慷表示，此访为两国领导人在新形势下进一步规划和引领中巴关系发展提供了重要机遇。</p><p>对于两国合作发展的期待，今年9月伊姆兰·汗已经做过表态。</p><p class=\"f_center\"><img src=\"http://cms-bucket.nosdn.127.net/2018/11/03/76424fe022684cd7856ec4a4863bcfbb.jpeg\" alt=\"“巴铁”新总理首次访华，4大信号非同一般\" style=\"border-width: 0px; border-style: initial; border-; display: block; max-width: 100%; margin: 0px auto;\"><br></p><p>当时，国务委员兼外长王毅对巴基斯坦进行访问，伊姆兰·汗表达了非同一般的情感。他表示，两国关系不仅建立在两国政府的共同意志之上，更源于两国人民间深厚的感情。</p><p>他还特别提到，感谢中巴经济走廊为巴基斯坦创造的7万多个就业岗位，为本国经济增长做出了重要贡献，并重申巴政府还将继续致力于实施中巴经济走廊项目的态度。</p><br><!-- AD200x300_2 -->\r\n<div class=\"gg200x300\">\r\n<div class=\"at_item right_ad_item\" adtype=\"rightAd\" requesturl=\"https://nex.163.com/q?app=7BE0FC82&amp;c=news&amp;l=133&amp;site=netease&amp;affiliate=news&amp;cat=article&amp;type=logo300x250&amp;location=12\"></div>\r\n<a href=\"javascript:;\" target=\"_self\" class=\"ad_hover_href\"></a>\r\n</div><p>就连美国《国家》杂志也刊文承认，巴基斯坦新总理上任后没多久就开启访华行程，两国的关系将提升到“新的水平”。</p><pre datatype=\"specialtag\" datavalue=\"推荐\" style=\"white-space: pre-wrap; display: none; border: 3px solid blue;\" title=\"推荐\"><p><a href=\"https://news.163.com/18/1009/18/DTMPJI2N0001899N.html\" target=\"_self\" urlmacroreplace=\"false\" style=\"line-height: 1;\">巴方负担不起贷款重新考虑中巴经济走廊?中方回应</a></p><p>2018年10月9日外交部发言人陆慷主持例行记者会</p></pre><div class=\"special_tag_wrap\"><div class=\"special_tag special_tag_tj\"><div class=\"special_tag_ttl\">延伸 · 推荐</div><div class=\"special_tag_cnt\"><p><a href=\"https://news.163.com/18/1009/18/DTMPJI2N0001899N.html\" target=\"_self\" urlmacroreplace=\"false\" style=\"line-height: 1;\">巴方负担不起贷款重新考虑中巴经济走廊?中方回应</a></p><p>2018年10月9日外交部发言人陆慷主持例行记者会</p></div></div></div>\r\n                <p></p>\r\n                                                <div class=\"ep-source cDGray\">\r\n                    <span class=\"left\"><a href=\"https://news.163.com/\"><img src=\"http://static.ws.126.net/cnews/css13/img/end_news.png\" alt=\"王丽珊\" width=\"13\" height=\"12\" class=\"icon\"></a> 本文来源：长安街知事  </span>\r\n                    <!--史建磊_NBJ11331--><span class=\"ep-editor\">责任编辑：史建磊_NBJ11331</span>                </div>\r\n                                								            </div>');
INSERT INTO `newslist` VALUES (9, '2018-11-03 20:02:56', 7, 'http://cms-bucket.nosdn.127.net/2018/11/03/efa3ce72a5614509800b60160f167ff8.png?imageView&thumbnail=140y88&quality=85', '检察长出任校长', '＂北京检察长出任中小学副校长 此前已有先例', '<div class=\"post_text\" id=\"endText\" style=\"border-top:1px solid #ddd;\">\r\n                                <p class=\"otitle\">\r\n                    （原标题：北京检察长出任中学副校长）\r\n                </p>\r\n                                <p>为加强对学校法治教育师资的培训，进一步规范法治副校长工作，北京市各级检察机关检察长、副检察长将兼任中小学法治副校长。</p><p>昨天，北京市检察机关召开法治宣传教育“十进百家、千人普法”主题活动工作动员部署大会。北京市人民检察院副检察长赵志刚介绍，根据部署，全市各级检察机关将推进法律进机关、进校园、进乡村等“十进”工作，该活动将持续3年。</p><p>赵志刚称，全市1223名员额检察官要作为普法宣传的主体，以检察官、办案部门为主要载体，通过参与法治宣传活动，锻炼检察人员的专业能力。</p><p>根据实施方案，各级检察机关将围绕涉及扫黑除恶、非法集资、职务犯罪、依法行政、行刑衔接、校园欺凌、教育就业等热点难点问题，针对相关重点人群，进行针对性政策宣讲和法律法规讲解。</p><p class=\"f_center\"><img alt=\"北京检察长出任中小学法治副校长 此前已有先例\" src=\"http://dingyue.nosdn.127.net/VHLEYV5lpRK4aLgbh4LrHFC8uu5kXaJF38lFD3I7zuTuZ1541214783279.jpg\" contenteditable=\"false\" id=\"netease1541214783005862\" style=\"box-sizing: border-box; border-width: 0px; border-style: initial; vertical-align: middle; max-width: 100%; margin: 0px auto; display: block;\">张军获聘成为北京二中法治副校长</p><p>检察长兼任中学法治副校长此前已有先例。长安街知事注意到，今年9月1日，开学第一天，最高检检察长张军受聘为北京市第二中学法治副校长，并讲授了首次法治课。课上，他表示希望学生们尊崇法律、崇尚法治，扣好人生的第一颗扣子。</p><p><!-- AD200x300_2 -->\r\n</p><div class=\"gg200x300\">\r\n<div class=\"at_item right_ad_item\" adtype=\"rightAd\" requesturl=\"https://nex.163.com/q?app=7BE0FC82&amp;c=news&amp;l=133&amp;site=netease&amp;affiliate=news&amp;cat=article&amp;type=logo300x250&amp;location=12\"></div>\r\n<a href=\"javascript:;\" target=\"_self\" class=\"ad_hover_href\"></a>\r\n</div><p>宪法教育要坚持从青少年抓起，此前，教育部副部长朱之文也曾表示，要让宪法教育全面融入学生学习生活，确保宪法精神入脑入心，通过法治副校长、学校法律顾问、法律人士进校园等多种渠道普及宪法知识。</p><p>9月13日，张军在主持召开的最高检党组会上强调，要落实好“谁执法谁普法”要求，做好各级检察院领导干部担任中小学法治副校长工作，促进培养学生的法治意识，推动将法治教育纳入学校教育体系。</p><p>北京市人民检察院检察长敬大力表示，做好普法宣传工作，是每位检察官应该肩负的职责。“有检察官认为办案工作本来就很 繁重，普法工作无形增加了负担。不要有这样的想法。普法工作做好了，是提升办案效果很重要的形式。”</p>\r\n                <p></p>\r\n                                                <div class=\"ep-source cDGray\">\r\n                    <span class=\"left\"><a href=\"https://news.163.com/\"><img src=\"http://static.ws.126.net/cnews/css13/img/end_news.png\" alt=\"徐萌\" width=\"13\" height=\"12\" class=\"icon\"></a> 本文来源：长安街知事  </span>\r\n                    <!--史建磊_NBJ11331--><span class=\"ep-editor\">责任编辑：史建磊_NBJ11331</span>                </div>\r\n                                								            </div>');
INSERT INTO `newslist` VALUES (10, '2018-11-03 20:03:22', 2, 'http://cms-bucket.nosdn.127.net/2018/11/03/e620d422643c4b02b97467c68a285cb3.png?imageView&thumbnail=140y88&quality=85', '男子划车', '男子停车场内连挂三车被拦停 怒骂:你们是我养的狗', '<div class=\"post_text\" id=\"endText\" style=\"border-top:1px solid #ddd;\">\r\n                                <p class=\"otitle\">\r\n                    （原标题：“你们是我养的狗！”男子连挂三车被拦停，态度很嚣张……）\r\n                </p>\r\n                                <p>据贵州电视台《百姓关注》11月3日消息，11月1日凌晨一点多，在贵阳市花果园U区停车场发生了一起交通事故，一名男子开车连挂三车被制止之后竟然还挥拳打人。</p><p class=\"f_center\"><img alt=\"男子停车场内连挂三车被拦停 怒骂:你们是我养的狗\" src=\"http://cms-bucket.nosdn.127.net/2018/11/03/2846fb9c75504e27a6c5efcd597858af.gif\" style=\"margin: 0px auto; padding: 0px; border-width: 0px; border-style: initial; display: block; vertical-align: middle; max-width: 600px;\"></p><p>记者赶到现场时，当事人已经被辖区派出所民警带走，小区的一名物管工作人员钱师傅告诉记者，当时的情况非常危急。</p><p class=\"f_center\"><img alt=\"男子停车场内连挂三车被拦停 怒骂:你们是我养的狗\" src=\"http://cms-bucket.nosdn.127.net/catchpic/7/78/785055d5e18d7b5f491d577f36fe3cc2.jpg?imageView&amp;thumbnail=550x0\" style=\"margin: 0px auto; padding: 0px; border-width: 0px; border-style: initial; display: block; vertical-align: middle; max-width: 600px;\"></p><p><strong style=\"margin: 0px; padding: 0px; list-style: none;\">物管工作人员 钱师傅：</strong></p><p><strong style=\"margin: 0px; padding: 0px; list-style: none;\">我们两个队员看见，他开车是歪着在跑，在那里一下子就转过来，撞到那个宝马车上，熄火后，我们队员就说你不能再开上去了，怕发生其它事情。</strong></p><p class=\"f_center\"><img alt=\"男子停车场内连挂三车被拦停 怒骂:你们是我养的狗\" src=\"http://cms-bucket.nosdn.127.net/catchpic/a/ab/abdb24dcd6e843f93cd88005f8b41de9.jpg?imageView&amp;thumbnail=550x0\" style=\"margin: 0px auto; padding: 0px; border-width: 0px; border-style: initial; display: block; vertical-align: middle; max-width: 600px;\"></p><p>停在路边的三辆轿车都遭了殃，均被不同程度刮擦，其中一辆宝马车 车头被撞裂。</p><p class=\"f_center\"><img alt=\"男子停车场内连挂三车被拦停 怒骂:你们是我养的狗\" src=\"http://cms-bucket.nosdn.127.net/2018/11/03/96d2bdbc1e494cd987f5faad86443d9b.gif\" style=\"margin: 0px auto; padding: 0px; border-width: 0px; border-style: initial; display: block; vertical-align: middle; max-width: 600px;\"></p><p class=\"f_center\"><img alt=\"男子停车场内连挂三车被拦停 怒骂:你们是我养的狗\" src=\"http://cms-bucket.nosdn.127.net/catchpic/1/18/18158e17286d7981785424d8e0b29ab3.jpg?imageView&amp;thumbnail=550x0\" style=\"margin: 0px auto; padding: 0px; border-width: 0px; border-style: initial; display: block; vertical-align: middle; max-width: 600px;\"></p><p class=\"f_center\"><img alt=\"男子停车场内连挂三车被拦停 怒骂:你们是我养的狗\" src=\"http://cms-bucket.nosdn.127.net/catchpic/3/37/37ee47efa03209e264ce172a934849f5.jpg?imageView&amp;thumbnail=550x0\" style=\"margin: 0px auto; padding: 0px; border-width: 0px; border-style: initial; display: block; vertical-align: middle; max-width: 600px;\"></p><p>发现异常情况后，物管立即对肇事车主进行了劝说。然而，驾驶员并没有停止疯狂的举动。</p><p class=\"f_center\"><img alt=\"男子停车场内连挂三车被拦停 怒骂:你们是我养的狗\" src=\"http://cms-bucket.nosdn.127.net/catchpic/e/e1/e1b26821f10611c689dee8a640b721fd.jpg?imageView&amp;thumbnail=550x0\" style=\"margin: 0px auto; padding: 0px; border-width: 0px; border-style: initial; display: block; vertical-align: middle; max-width: 600px;\"></p><p class=\"f_center\"><img alt=\"男子停车场内连挂三车被拦停 怒骂:你们是我养的狗\" src=\"http://cms-bucket.nosdn.127.net/catchpic/c/c0/c0da1e4510ec55423fa523af70c8df09.jpg?imageView&amp;thumbnail=550x0\" style=\"margin: 0px auto; padding: 0px; border-width: 0px; border-style: initial; display: block; vertical-align: middle; max-width: 600px;\"></p><p>“他不停，轰的一下子开上来，把红色车子撞了之后，又一下绕过来倒在这里，我们队员看见引擎盖都冒烟了，就喊他不要再动了。”钱师傅说。</p><p class=\"f_center\"><img alt=\"男子停车场内连挂三车被拦停 怒骂:你们是我养的狗\" src=\"http://cms-bucket.nosdn.127.net/catchpic/2/2f/2f81b7042f9d98e0ae5b30733f4b9674.jpg?imageView&amp;thumbnail=550x0\" style=\"margin: 0px auto; padding: 0px; border-width: 0px; border-style: initial; display: block; vertical-align: middle; max-width: 600px;\"></p><p>该辆肇事车辆的前保险杠已经面目全非，在无路可走的情况下，肇事车终于停了下来。</p><p class=\"f_center\"><img alt=\"男子停车场内连挂三车被拦停 怒骂:你们是我养的狗\" src=\"http://cms-bucket.nosdn.127.net/catchpic/8/81/817ff972f9b29023cdd17ce77ff2db29.jpg?imageView&amp;thumbnail=550x0\" style=\"margin: 0px auto; padding: 0px; border-width: 0px; border-style: initial; display: block; vertical-align: middle; max-width: 600px;\"></p><p>肇事车</p><p>随后，物管赶紧拨打了报警电话，并且找来受损车辆的车主。</p><p class=\"f_center\"><img alt=\"男子停车场内连挂三车被拦停 怒骂:你们是我养的狗\" src=\"http://cms-bucket.nosdn.127.net/catchpic/b/b0/b01540e1f1218ed556927d38ccac0eb7.jpg?imageView&amp;thumbnail=550x0\" style=\"margin: 0px auto; padding: 0px; border-width: 0px; border-style: initial; display: block; vertical-align: middle; max-width: 600px;\"></p><p>“肇事司机还骂我们，说‘我花几百块钱，养了你们几条狗，你们就是看门的，我叫你干什么就干什么’，反正就乱骂。”</p><p class=\"f_center\"><img alt=\"男子停车场内连挂三车被拦停 怒骂:你们是我养的狗\" src=\"http://cms-bucket.nosdn.127.net/catchpic/5/51/51859b2d5eb57a27ba1c63f3e1762bf4.jpg?imageView&amp;thumbnail=550x0\" style=\"margin: 0px auto; padding: 0px; border-width: 0px; border-style: initial; display: block; vertical-align: middle; max-width: 600px;\"></p><p>据了解，说完这些不堪入耳的话后，车主准备离开现场。</p><p>“人家业主下来，他就要跑，我们队员就追到单元门口，拉住他，说你去处理一下，他一拳就打到队员。绝对是醉驾，酒味很重。”钱师傅说。</p><p class=\"f_center\"><img alt=\"男子停车场内连挂三车被拦停 怒骂:你们是我养的狗\" src=\"http://cms-bucket.nosdn.127.net/catchpic/3/34/343d0c3101711b1455a585ea9a124e25.jpg?imageView&amp;thumbnail=550x0\" style=\"margin: 0px auto; padding: 0px; border-width: 0px; border-style: initial; display: block; vertical-align: middle; max-width: 600px;\"></p><p>在花果园派出所，记者见到了这名驾驶员宋某。此时，他似乎还没有醒酒。</p><p class=\"f_center\"><img alt=\"男子停车场内连挂三车被拦停 怒骂:你们是我养的狗\" src=\"http://cms-bucket.nosdn.127.net/catchpic/8/8e/8e8b007e7d0bba82c545e16c303aac03.jpg?imageView&amp;thumbnail=550x0\" style=\"margin: 0px auto; padding: 0px; border-width: 0px; border-style: initial; display: block; vertical-align: middle; max-width: 600px;\"></p><p><strong style=\"margin: 0px; padding: 0px; list-style: none;\">民警：</strong></p><p><strong style=\"margin: 0px; padding: 0px; list-style: none;\">你怎么回事？你打人没有？</strong></p><p><strong style=\"margin: 0px; padding: 0px; list-style: none;\">宋某：</strong></p><p><strong style=\"margin: 0px; padding: 0px; list-style: none;\">打人，是他们打我。</strong></p><p>对于刚刚发生撞车打人的事情，男子声称已经记不清楚了。而对于喝酒不能开车的明文规定，肇事车主表示：“我是知道的，这是违法的。”</p><p class=\"f_center\"><img alt=\"男子停车场内连挂三车被拦停 怒骂:你们是我养的狗\" src=\"http://cms-bucket.nosdn.127.net/catchpic/1/14/1487d067b5b3e08be2fb450143eb31ba.jpg?imageView&amp;thumbnail=550x0\" style=\"margin: 0px auto; padding: 0px; border-width: 0px; border-style: initial; display: block; vertical-align: middle; max-width: 600px;\"></p><p>在询问中民警得知，男子在三桥和朋友喝酒之后，独自开车回到了花果园U区，这才发生了连挂三车并打人的情况。</p><p class=\"f_center\"><img alt=\"男子停车场内连挂三车被拦停 怒骂:你们是我养的狗\" src=\"http://cms-bucket.nosdn.127.net/catchpic/f/f9/f9e8f32748d324cbf7a3bc015202330f.jpg?imageView&amp;thumbnail=550x0\" style=\"margin: 0px auto; padding: 0px; border-width: 0px; border-style: initial; display: block; vertical-align: middle; max-width: 600px;\"></p><p>肇事车</p><br><!-- AD200x300_2 -->\r\n<div class=\"gg200x300\">\r\n<div class=\"at_item right_ad_item\" adtype=\"rightAd\" requesturl=\"https://nex.163.com/q?app=7BE0FC82&amp;c=news&amp;l=133&amp;site=netease&amp;affiliate=news&amp;cat=article&amp;type=logo300x250&amp;location=12\"></div>\r\n<a href=\"javascript:;\" target=\"_self\" class=\"ad_hover_href\"></a>\r\n</div><p>目前，交警部门已经介入调查。</p><pre datatype=\"specialtag\" datavalue=\"推荐\" style=\"white-space: pre-wrap; display: none; border: 3px solid blue;\" title=\"推荐\"><p><a href=\"https://news.163.com/18/1005/13/DTBVPNHS0001899N.html\" target=\"_self\" urlmacroreplace=\"false\" style=\"line-height: 1;\">广西男子违法停车被贴单 打110称要\"杀辅警全家\"</a></p><p>柳州市公安局交警支队柳南大队的民警带着辅警人员，在红光大桥底时，对该区域违法停车的机动车粘贴了违法停车告知单。一男子要求辅警“通融”被拒。之后，他竟然拨打110说要“杀辅警全家”。</p></pre><div class=\"special_tag_wrap\"><div class=\"special_tag special_tag_tj\"><div class=\"special_tag_ttl\">延伸 · 推荐</div><div class=\"special_tag_cnt\"><p><a href=\"https://news.163.com/18/1005/13/DTBVPNHS0001899N.html\" target=\"_self\" urlmacroreplace=\"false\" style=\"line-height: 1;\">广西男子违法停车被贴单 打110称要\"杀辅警全家\"</a></p><p>柳州市公安局交警支队柳南大队的民警带着辅警人员，在红光大桥底时，对该区域违法停车的机动车粘贴了违法停车告知单。一男子要求辅警“通融”被拒。之后，他竟然拨打110说要“杀辅警全家”。</p></div></div></div>\r\n                <p></p>\r\n                                                <div class=\"ep-source cDGray\">\r\n                    <span class=\"left\"><a href=\"https://news.163.com/\"><img src=\"http://static.ws.126.net/cnews/css13/img/end_news.png\" alt=\"王丽珊\" width=\"13\" height=\"12\" class=\"icon\"></a> 本文来源：贵州电视台  </span>\r\n                    <!--史建磊_NBJ11331--><span class=\"ep-editor\">责任编辑：史建磊_NBJ11331</span>                </div>\r\n                                								            </div>');
INSERT INTO `newslist` VALUES (11, '2018-11-03 20:03:43', 8, 'http://cms-bucket.nosdn.127.net/2018/11/03/a8f87330a936491fae0f52390a4e6133.png?imageView&thumbnail=140y88&quality=85', '检察官杀人', '黑龙江通报涉黑腐败等案例：一检察院官员持枪杀人', '<div class=\"post_text\" id=\"endText\" style=\"border-top:1px solid #ddd;\" jcid=\"7611\">\r\n                                <p class=\"otitle\">\r\n                    （原标题：省纪委监委通报9起 涉黑涉恶腐败和“保护伞”问题典型案例）\r\n                </p>\r\n                                <p>扫黑除恶专项斗争开展以来，全省各级纪检监察机关认真贯彻落实党中央、中央纪委国家监委和省委关于扫黑除恶专项斗争的决策部署，坚决查处涉黑涉恶腐败和“保护伞”以及工作推进不力等问题，取得了阶段性成效。为强化警示教育，推进涉黑涉恶腐败和“保护伞”问题专项整治工作深入开展，日前，省纪委监委通报9起涉黑涉恶腐败和“保护伞”问题典型案例。</p><p><strong style=\"; ; ;Hiragino Sans GB&quot;, &quot;Microsoft Yahei&quot;, sans-serif; letter-spacing: 0.5px; text-align: start;\">1.五常市五常镇原党委委员、武装部长周广宝组织、领导黑社会性质组织案。</strong></p><p>2002年以来，五常镇万宝山村以时任党支部书记周广宝为首的黑社会性质团伙，长期把持操控村级政权；垄断集体资源，控制本村经济命脉；与社会经商人员结拜兄弟，凭借非法聚敛的钱财，合伙开办企业；借征地拆迁和土地承包之机，大肆侵吞集体资产；利用职务便利，收受他人财物，多次非法转让村集体土地；伪造学历档案，编造个人履历；横行乡里，随意殴打辱骂村民，疯狂打击报复上访群众，严重危害当地生产生活秩序。2018年9月，周广宝受到开除党籍、开除公职处分，其涉嫌犯罪问题被移送司法机关依法处理。该案涉及其他党员干部和公职人员12人。其中，周广宝犯罪团伙成员万宝山村原村委会主任陈文财、原团支部书记周生辉、原党支部副书记陈腾龙、原会计蔡连斌、原屯长蔡庆均受到开除党籍处分，涉嫌犯罪问题被移送司法机关依法处理。五常镇原镇长张力忠、五常市公安局循礼派出所原教导员孙宇因包庇、纵容周广宝犯罪团伙，均受到开除党籍、开除公职处分，涉嫌犯罪问题被移送司法机关依法处理。五常市法院原副院长刘晏、五常市法院刑庭庭长赵金富涉嫌充当“保护伞”被立案审查。五常镇原党委书记任志民、现任党委书记冯晓东、原纪委书记张化海因履行主体责任和监督责任不力被立案审查。</p><p><strong style=\"; ; ;Hiragino Sans GB&quot;, &quot;Microsoft Yahei&quot;, sans-serif; letter-spacing: 0.5px; text-align: start;\">2.哈尔滨市公安交警系统部分民警充当恶势力“保护伞”案。</strong></p><p>2011年以来，以姜勇等为首的6个恶势力“保车”团伙垄断哈尔滨市大货车运输市场，收取车主“保护费”，行贿执法人员放行违法车辆，造成违法大货车上路疯狂行驶，严重威胁群众生命财产安全。哈尔滨市公安交警系统部分民警失职渎职，有的民警甚至充当恶势力“保车”团伙“保护伞”，涉及哈尔滨市交警系统民警43人。其中，哈尔滨市交警支队原副支队长王伟收受贿赂，为“保车”团伙精心设计“路条”，冬季运煤冠以“市政府暖心工程”，夏季拉残土称作“市政府重点工程”，违法超载运营不受时间、路段约束。哈尔滨市交警支队巡逻大队原副大队长李名实等人擅自更改行政强制处罚凭证，为“保车”团伙提供的违法车辆减轻处罚。哈尔滨市交警呼兰大队原大队长于广军收受贿赂，指使辖区交警对某工地出入的违法大货车一律放行，不予处罚。哈尔滨市阿城区公安局交警大队安全员王伟，先后20余次将突击检查信息泄露给“保车”团伙。其他民警存在索取、收受贿赂，滥用职权随意放行违法车辆、弄虚作假减轻处罚、通风报信泄露秘密、违规干预执法活动等问题。2018年6月，哈尔滨市交警支队原副支队长王伟、市交警支队巡逻大队原副大队长李名实、市交警呼兰大队原大队长于广军分别受到开除党籍、开除公职处分，涉嫌犯罪问题被移送司法机关依法处理；哈尔滨市阿城区公安局交警大队安全员王伟受到政务记过处分；其他39名违纪违法民警分别受到党纪政务处分。</p><p><strong style=\"; ; ;Hiragino Sans GB&quot;, &quot;Microsoft Yahei&quot;, sans-serif; letter-spacing: 0.5px; text-align: start;\">3.海林市人民检察院技术室原副主任陈志伟涉恶腐败案。</strong></p><p><b>2005年以来，以陈志伟为首的恶势力犯罪团伙违规经商，参与并实际经营典当公司；违法高息放贷，借机强取豪夺，非法获利数额巨大；非法拘禁，纠集社会人员限制未偿还借贷利息人员的人身自由；寻衅滋事，殴打他人致轻伤害；非法采矿，占用毁坏耕地；与人发生口角，持枪射击造成他人死亡，涉嫌故意杀人；弄虚作假，骗取干部和党员身份。</b>2018年9月，陈志伟受到开除党籍、开除公职处分，其涉嫌犯罪问题被移送司法机关依法处理。该案件涉及其他党员干部和公职人员14人。其中，海林市人民检察院原检察长郭世昌、原副检察长彭孟君因对陈志伟弄虚作假入党政审把关不严等问题，分别受到党内严重警告处分；海林市公安局法制科原科员韩国军因对陈志伟涉嫌故意杀人案调查卷宗丢失负有直接责任，受到行政降级处分；海林市公安局原党委书记、局长韩宝林，海林市国土资源局局长王晔等其他11名涉案人员均被立案审查。</p><p><strong style=\"; ; ;Hiragino Sans GB&quot;, &quot;Microsoft Yahei&quot;, sans-serif; letter-spacing: 0.5px; text-align: start;\">4.齐齐哈尔高速公路管理处泰来收费站原副站长吴琼等人充当恶势力“保护伞”案。</strong></p><p>2016年至2018年，以刘忠文、杨建辉为首的齐齐哈尔市铁锋区恶势力团伙，采取威胁恐吓等手段垄断扎龙苇塘资源，强行收取拉芦苇货车司机“保道费”，帮助超高超限车辆通过收费站，严重扰乱当地运输市场。齐齐哈尔高速公路管理处泰来收费站、大庆高速公路管理处齐齐哈尔收费站部分工作人员失职渎职，收受该团伙贿赂，违法放行超高超限车辆。该案涉及9名公职人员。其中，齐齐哈尔高速公路管理处泰来收费站副站长吴琼多次通过微信转账方式收受杨建辉贿赂，违法放行该团伙提供的超高超限货车200多辆次。大庆高速公路管理处齐齐哈尔收费站合同制职工王吉云等8人收受犯罪团伙贿赂，不正确履行职责，帮助超高超限车辆逃避处罚。吴琼受到撤销党内职务、政务撤职处分，王吉云等8人均被解除劳动合同。</p><p><strong style=\"; ; ;Hiragino Sans GB&quot;, &quot;Microsoft Yahei&quot;, sans-serif; letter-spacing: 0.5px; text-align: start;\">5.北安监狱原党委委员、政治处主任刘亮等人充当涉黑犯罪团伙“保护伞”案。</strong></p><p>2018年5月，齐齐哈尔市公安局对以崔巍为首的涉黑犯罪团伙立案侦查。专案组在北安监狱提审相关在押人员时，刘亮与北安监狱狱内侦查科副科长刘功楠、六监区二级警员程子江接受崔巍请托，打探专案组情况，故意泄露专案信息，导致多名重要嫌疑人逃匿；故意以被提审人精神状态不佳和主管领导外出为由拒绝提审，阻碍专案组获取关键性证据，严重干扰调查取证工作。2018年10月，刘亮、刘功楠、程子江分别受到开除党籍、开除公职处分，涉嫌犯罪问题被移送司法机关依法处理。</p><p><strong style=\"; ; ;Hiragino Sans GB&quot;, &quot;Microsoft Yahei&quot;, sans-serif; letter-spacing: 0.5px; text-align: start;\">6.庆安县欢胜乡永利村原民兵连长孙兆祥涉恶腐败案。</strong></p><p>2013年以来，孙兆祥依仗家族势力，采取暴力威胁手段进入村级政权担任村民兵连长；以酒后驾驶车辆、打麻将赌博为由敲诈勒索村民财物；以施工运土车碾压自家耕地为由，随意设卡阻拦车辆，多次强行收取“补偿款”；私下将自家房屋点燃烧毁，骗取保险赔偿金；因派出所工作人员没有满足其不合理要求，大闹派出所导致无法正常办公；因与邻村居民张某发生口角，指使他人殴打张某致轻伤。2018年7月，孙兆祥受到开除党籍处分，其涉嫌犯罪问题被移送司法机关依法处理。</p><p><strong style=\"; ; ;Hiragino Sans GB&quot;, &quot;Microsoft Yahei&quot;, sans-serif; letter-spacing: 0.5px; text-align: start;\">7.望奎县恭六乡原人大主席胡春和涉恶腐败案。</strong></p><p>2008年以来，胡春和单独或伙同妻弟李国庆等人欺行霸市，以暴力手段垄断恭六乡惠五村收割机租用市场，对租用外村收割机的村民，轻则拳打脚踢、重则棍棒交加；利用职务影响，为李国庆违法行为开脱责任，减轻处罚；强行占有林地，拒绝缴纳承包费；欺压殴打村民赵某致左耳鼓膜穿孔。2018年9月，胡春和受到开除党籍处分，其涉嫌犯罪问题被移送司法机关依法处理。</p><p><strong style=\"; ; ;Hiragino Sans GB&quot;, &quot;Microsoft Yahei&quot;, sans-serif; letter-spacing: 0.5px; text-align: start;\">8.鹤岗市东山区东方红乡东兴村原党支部书记于友贵等涉恶腐败案。</strong></p><p>2005年以来，于友贵组织东兴村原村委会主任李红军以及部分村民形成恶势力团伙，长期把持操控村级政权；指使团伙成员殴打村民许某致多处骨折，迫使其离村居住；敲诈勒索，强行收取某煤矿地质勘测队占地“补偿款”。2018年8月，于友贵、李红军分别受到开除党籍处分，涉嫌犯罪问题被移送司法机关依法处理。</p><p><strong style=\"; ; ;Hiragino Sans GB&quot;, &quot;Microsoft Yahei&quot;, sans-serif; letter-spacing: 0.5px; text-align: start;\">9.鹤岗市东山区蔬园乡黎明村原村委会主任马明亮涉恶腐败案。</strong></p><p>2014年以来，马明亮与本村村民陈某、马某臣等人利用家族关系及经济利益关系形成恶势力团伙，破坏基层换届选举，对候选人于某进行殴打致轻伤害，逼迫其退出村委会主任竞选；欺压百姓，因停车问题殴打村民李某致鼻骨骨折、左臂脱臼，因取暖问题殴打并持刀追砍村民刘某致轻伤害；扰乱公共秩序，在鹤岗市某楼顶悬挂条幅诽谤他人，造成大量群众围观，严重影响社会秩序。2018年9月，鹤岗市东山区监察委员会向蔬园乡人民政府提出监察建议（马明亮非中共党员），依法罢免马明亮村委会主任职务，其涉嫌犯罪问题被移送司法机关依法处理。</p><p>通报指出，从以上9起典型案例可以看出，有的党员干部和公职人员庇护、纵容涉黑涉恶团伙活动，为黑恶势力充当“保护伞”；有的“村两委”人员直接组织、领导、参加涉黑涉恶违法犯罪，把持操控基层政权，利用家族势力横行乡里、称霸一方、欺压残害百姓。这些问题严重破坏了当地政治生态、经济秩序和社会稳定，严重影响了人民群众的获得感、幸福感、安全感，必须依纪依法严肃查处。</p><p>通报要求，全省各级纪检监察机关要坚决贯彻落实党中央、中央纪委国家监委和省委的部署，增强政治使命感和责任感，协助、督促同级党委担当扫黑除恶主体责任，层层传导压力，逐级压实责任。要加大办案力度，对干扰多阻力大、疑难复杂的案件，要提级办理、异地管辖；对在本辖区有影响、有阻力的重要案件，纪委书记要亲自组织、直接指挥。要强化督促指导，各级纪委监委领导班子成员要包联重点地区、重点行业、重点案件，点对点指导督促地方办案；对查处“保护伞”未破零、见“黑”不见“伞”现象突出、问题线索积存较多的地方，上级纪委监委要派员蹲点督导。要强化协同配合，凡是公安机关查处的涉黑案件，必须主动介入；凡是黑恶势力违法犯罪和腐败问题深度交织的复杂案件，必须同步立案、同步调查；凡是政法机关移交的问题线索，必须优先处置、一律核查并反馈结果。要强化办案治本作用，以案促改，采取多种方式通报曝光典型案例，起到警示震慑作用。要针对案件暴露出的问题，推动综合治理，促进全面从严治党向基层延伸。</p><p><b>延伸阅读</b></p><p><b>标题：牡丹江市纪委监委通报7起为恶势力犯罪团伙充当“保护伞”问题典型案例</b></p><p>内文</p><p>日前，牡丹江市纪委监委通报7起为以海林市人民检察院技术室原副主任陈志伟为首的恶势力犯罪团伙充当“保护伞”问题典型案例。</p><p><b>1.</b><b>海林市公安局原党委书记、局长韩宝林有案不办、办案不力问题。</b>1993年1月，陈志伟枪击他人致死。韩宝林在同年8月任海林市公安局党委书记、局长后，对陈志伟涉嫌刑事犯罪案件久拖未决，使其未受到应有法律制裁；1994年初，韩宝林要求陈志伟父亲陈富清出资在山东烟台购买两栋别墅，供公安干警疗养休假使用，并纵容、放任陈富清在海林市公安局“吃空饷”。韩宝林受到开除党籍处分，降低退休待遇，按科员确定基本退休费和补贴。</p><p><b>2.</b><b>海林市公安局法制科原科员韩国军未认真履行职责、遗失卷宗问题。</b>1993年，陈志伟枪击他人致死案件卷宗存放于海林市公安局法制科，韩国军未认真履行保管职责，对陈志伟涉嫌故意杀人案调查卷宗丢失负有直接责任，直接影响和阻碍了案件侦办，致使陈志伟未被及时追究相应刑事责任。韩国军受到开除党籍、行政降级处分。</p><p><b>3.</b><b>海林市人民检察院原检察长郭世昌有案不查、蓄意包庇问题。</b>1993年，陈志伟枪击他人致死后，郭世昌拖延处理、蓄意包庇，使其未受到任何处分，造成恶劣社会影响。1993年5月，陈志伟不具备吸收录用为国家干部条件，郭世昌同意将其列入录用范围，使其正处于被刑事侦查期间却违规被吸收录用为国家干部。郭世昌受到党内严重警告处分。</p><p><b>4.</b><b>海林市国土资源局党组书记、局长王晔不正确履行职责、纵容非法获利问题。</b>2014年，经卫星图片核查后，王晔明知陈志伟经营的砂场存在非法采砂行为，未责成国土执法监察局立案查处，并为逃避追责认定该砂场不存在违法行为，导致陈志伟非法采砂获利700余万元。王晔受到开除党籍处分，涉嫌职务犯罪问题移交司法机关依法处理。</p><p><b>5.</b><b>海林市国土资源执法监察局原局长石晓波不依法履职、有案不查问题。</b>2012年至2014年，石晓波发现陈志伟的砂场从事非法采砂活动，但未依法对其非法采砂行为及时制止和立案查处，致使陈志伟非法采砂、破坏耕地行为持续发生，获取巨额利益。石晓波受到开除党籍处分，涉嫌职务犯罪问题移交司法机关依法处理。</p><p><!-- AD200x300_2 -->\r\n</p><div class=\"gg200x300\">\r\n<div class=\"at_item right_ad_item\" adtype=\"rightAd\" requesturl=\"https://nex.163.com/q?app=7BE0FC82&amp;c=news&amp;l=133&amp;site=netease&amp;affiliate=news&amp;cat=article&amp;type=logo300x250&amp;location=12\"></div>\r\n<a href=\"javascript:;\" target=\"_self\" class=\"ad_hover_href\"></a>\r\n</div><p><b>6.</b><b>海林市水务局河道管理站原站长宋成文不履行职责、为非法获利提供便利问题。</b>2012年10月至2017年10月，宋成文对陈志伟未取得《采砂许可证》非法采砂行为不管不问，为其实施不法行为和非法获利提供便利。宋成文受到留党察看一年、撤职处分。</p><p><b>7.</b><b>宁安市农电公司原党总支组织委员、经理王大力弄虚作假、为非法获利提供便利问题。</b>2012年4月，陈志伟的砂场向海林市农电公司申请用电类别变更，经时任海林市农电公司经理王大力违规审批，该砂场用电用户名变更为海林市九龙鹿业有限公司，用电类别由大工业电变更为城乡居民照明电，给国家造成经济损失29万余元。王大力受到撤销党内职务、撤职处分。</p><p>此外，陈志伟案件其他涉案公职人员正在核查处置中。</p>\r\n                <p></p>\r\n                                                <div class=\"ep-source cDGray\">\r\n                    <span class=\"left\"><a href=\"https://news.163.com/\"><img src=\"http://static.ws.126.net/cnews/css13/img/end_news.png\" alt=\"徐萌\" width=\"13\" height=\"12\" class=\"icon\"></a> 本文来源：黑龙江省纪委监委网站  </span>\r\n                    <!--杨艺_NBJ10647--><span class=\"ep-editor\">责任编辑：杨艺_NBJ10647</span>                </div>\r\n                                								            </div>');

-- ----------------------------
-- Table structure for picture_comment
-- ----------------------------
DROP TABLE IF EXISTS `picture_comment`;
CREATE TABLE `picture_comment`  (
  `picture_id` int(11) NOT NULL,
  `user_name` varchar(255) CHARACTER SET utf8 COLLATE utf8_general_ci NULL DEFAULT '匿名用户',
  `add_time` datetime(0) NULL DEFAULT NULL,
  `content` varchar(255) CHARACTER SET utf8 COLLATE utf8_general_ci NULL DEFAULT NULL
) ENGINE = InnoDB CHARACTER SET = utf8 COLLATE = utf8_general_ci ROW_FORMAT = Dynamic;

-- ----------------------------
-- Records of picture_comment
-- ----------------------------
INSERT INTO `picture_comment` VALUES (6, '匿名用户', '2018-11-07 21:18:48', '哈哈哈哈参观书店');
INSERT INTO `picture_comment` VALUES (6, '匿名用户', '2018-11-07 21:18:48', '哈哈哈哈参观书店');
INSERT INTO `picture_comment` VALUES (6, '匿名用户', '2018-12-26 21:18:50', '哈哈哈哈参观书店评论一下下');
INSERT INTO `picture_comment` VALUES (6, '匿名用户', '2018-11-01 21:18:53', '哈哈哈哈参观书店我最开心的，哈哈哈');
INSERT INTO `picture_comment` VALUES (6, '匿名用户', '2018-11-02 21:19:04', '锄禾日当午');
INSERT INTO `picture_comment` VALUES (6, '匿名用户', '2018-11-02 05:19:07', '哈哈哈哈参观书店汗滴禾下土');
INSERT INTO `picture_comment` VALUES (6, '匿名用户', '2018-11-12 21:19:13', '谁知盘中餐粒粒皆辛苦');
INSERT INTO `picture_comment` VALUES (6, '匿名用户', '2018-11-16 21:19:16', '床前明月光');
INSERT INTO `picture_comment` VALUES (6, '匿名用户', '2018-11-08 21:19:19', '疑是地上霜');
INSERT INTO `picture_comment` VALUES (6, '匿名用户', '2018-11-06 21:19:22', '哈哈哈哈参观书店举头望明月');
INSERT INTO `picture_comment` VALUES (6, '匿名用户', '2018-11-05 02:19:25', '低头思故乡');
INSERT INTO `picture_comment` VALUES (6, '匿名用户', '2018-11-03 23:11:00', '疯了');
INSERT INTO `picture_comment` VALUES (2, '匿名用户', '2018-11-03 23:13:00', '要疯了了了了了');
INSERT INTO `picture_comment` VALUES (2, '匿名用户', '2018-11-03 23:17:00', '难受啊！！！');
INSERT INTO `picture_comment` VALUES (6, '匿名用户', '2018-11-03 23:18:00', '条啊');
INSERT INTO `picture_comment` VALUES (6, '匿名用户', '2018-11-02 05:19:07', '5555555');
INSERT INTO `picture_comment` VALUES (1, '匿名用户', '2018-11-04 20:40:00', '新疆美美美！！！');
INSERT INTO `picture_comment` VALUES (9, '匿名用户', '2018-11-04 21:59:00', '美美二米');

-- ----------------------------
-- Table structure for picturecat
-- ----------------------------
DROP TABLE IF EXISTS `picturecat`;
CREATE TABLE `picturecat`  (
  `id` int(11) NOT NULL,
  `title` varchar(255) CHARACTER SET utf8 COLLATE utf8_general_ci NULL DEFAULT NULL,
  PRIMARY KEY (`id`) USING BTREE
) ENGINE = InnoDB CHARACTER SET = utf8 COLLATE = utf8_general_ci ROW_FORMAT = Dynamic;

-- ----------------------------
-- Records of picturecat
-- ----------------------------
INSERT INTO `picturecat` VALUES (1, '家居生活');
INSERT INTO `picturecat` VALUES (2, '摄影图片');
INSERT INTO `picturecat` VALUES (3, '明星美女');
INSERT INTO `picturecat` VALUES (4, '平面设计');
INSERT INTO `picturecat` VALUES (5, '画作欣赏');
INSERT INTO `picturecat` VALUES (6, '游戏壁纸');
INSERT INTO `picturecat` VALUES (7, '搞笑图片');

-- ----------------------------
-- Table structure for picturedata
-- ----------------------------
DROP TABLE IF EXISTS `picturedata`;
CREATE TABLE `picturedata`  (
  `picture_id` int(11) NOT NULL,
  `img_url` varchar(255) CHARACTER SET utf8 COLLATE utf8_general_ci NULL DEFAULT NULL
) ENGINE = InnoDB CHARACTER SET = utf8 COLLATE = utf8_general_ci ROW_FORMAT = Dynamic;

-- ----------------------------
-- Records of picturedata
-- ----------------------------
INSERT INTO `picturedata` VALUES (1, 'http://img.ivsky.com/img/bizhi/pre/201809/28/xinjiang-001.jpg');
INSERT INTO `picturedata` VALUES (1, 'http://img.ivsky.com/img/bizhi/pre/201809/28/xinjiang-003.jpg');
INSERT INTO `picturedata` VALUES (1, 'http://img.ivsky.com/img/bizhi/pre/201809/28/xinjiang-004.jpg');
INSERT INTO `picturedata` VALUES (1, 'http://img.ivsky.com/img/bizhi/pre/201809/28/xinjiang-005.jpg');
INSERT INTO `picturedata` VALUES (1, 'http://img.ivsky.com/img/bizhi/pre/201809/28/xinjiang-006.jpg');
INSERT INTO `picturedata` VALUES (1, 'http://img.ivsky.com/img/bizhi/pre/201809/28/xinjiang-007.jpg');
INSERT INTO `picturedata` VALUES (1, 'http://img.ivsky.com/img/bizhi/pre/201809/28/xinjiang-008.jpg');
INSERT INTO `picturedata` VALUES (1, 'http://img.ivsky.com/img/bizhi/pre/201809/28/xinjiang-009.jpg');
INSERT INTO `picturedata` VALUES (2, 'http://img.ivsky.com/img/tupian/pre/201805/06/qihei_wuya-001.jpg');
INSERT INTO `picturedata` VALUES (2, 'http://img.ivsky.com/img/tupian/pre/201805/06/qihei_wuya-002.jpg');
INSERT INTO `picturedata` VALUES (2, 'http://img.ivsky.com/img/tupian/pre/201805/06/qihei_wuya-003.jpg');
INSERT INTO `picturedata` VALUES (2, 'http://img.ivsky.com/img/tupian/pre/201805/06/qihei_wuya-004.jpg');
INSERT INTO `picturedata` VALUES (2, 'http://img.ivsky.com/img/tupian/pre/201805/06/qihei_wuya-005.jpg');
INSERT INTO `picturedata` VALUES (2, 'http://img.ivsky.com/img/tupian/pre/201805/06/qihei_wuya-006.jpg');
INSERT INTO `picturedata` VALUES (2, 'http://img.ivsky.com/img/tupian/pre/201805/06/qihei_wuya-007.jpg');
INSERT INTO `picturedata` VALUES (3, 'http://img.ivsky.com/img/tupian/pre/201805/06/qingxin_molihua-002.jpg');
INSERT INTO `picturedata` VALUES (3, 'http://img.ivsky.com/img/tupian/pre/201805/06/qingxin_molihua-003.jpg');
INSERT INTO `picturedata` VALUES (3, 'http://img.ivsky.com/img/tupian/pre/201805/06/qingxin_molihua-004.jpg');
INSERT INTO `picturedata` VALUES (3, 'http://img.ivsky.com/img/tupian/pre/201805/06/qingxin_molihua-005.jpg');
INSERT INTO `picturedata` VALUES (3, 'http://img.ivsky.com/img/tupian/pre/201805/06/qingxin_molihua-006.jpg');
INSERT INTO `picturedata` VALUES (3, 'http://img.ivsky.com/img/tupian/pre/201805/06/qingxin_molihua-007.jpg');
INSERT INTO `picturedata` VALUES (3, 'http://img.ivsky.com/img/tupian/pre/201805/06/qingxin_molihua-008.jpg');
INSERT INTO `picturedata` VALUES (4, 'http://img.ivsky.com/img/tupian/pre/201804/05/xiandai_fengge-001.jpg');
INSERT INTO `picturedata` VALUES (4, 'http://img.ivsky.com/img/tupian/pre/201804/05/xiandai_fengge-002.jpg');
INSERT INTO `picturedata` VALUES (4, 'http://img.ivsky.com/img/tupian/pre/201804/05/xiandai_fengge-003.jpg');
INSERT INTO `picturedata` VALUES (4, 'http://img.ivsky.com/img/tupian/pre/201804/05/xiandai_fengge-004.jpg');
INSERT INTO `picturedata` VALUES (4, 'http://img.ivsky.com/img/tupian/pre/201804/05/xiandai_fengge-005.jpg');
INSERT INTO `picturedata` VALUES (4, 'http://img.ivsky.com/img/tupian/pre/201804/05/xiandai_fengge-006.jpg');
INSERT INTO `picturedata` VALUES (4, 'http://img.ivsky.com/img/tupian/pre/201804/05/xiandai_fengge-007.jpg');
INSERT INTO `picturedata` VALUES (5, 'http://img.ivsky.com/img/tupian/pre/201804/05/riben_canting-001.jpg');
INSERT INTO `picturedata` VALUES (5, 'http://img.ivsky.com/img/tupian/pre/201804/05/riben_canting-002.jpg');
INSERT INTO `picturedata` VALUES (5, 'http://img.ivsky.com/img/tupian/pre/201804/05/riben_canting-003.jpg');
INSERT INTO `picturedata` VALUES (5, 'http://img.ivsky.com/img/tupian/pre/201804/05/riben_canting-004.jpg');
INSERT INTO `picturedata` VALUES (5, 'http://img.ivsky.com/img/tupian/pre/201804/05/riben_canting-005.jpg');
INSERT INTO `picturedata` VALUES (5, 'http://img.ivsky.com/img/tupian/pre/201804/05/riben_canting-006.jpg');
INSERT INTO `picturedata` VALUES (6, 'http://img.ivsky.com/img/tupian/pre/201803/30/canguanshudian-001.jpg');
INSERT INTO `picturedata` VALUES (6, 'http://img.ivsky.com/img/tupian/pre/201803/30/canguanshudian-002.jpg');
INSERT INTO `picturedata` VALUES (6, 'http://img.ivsky.com/img/tupian/pre/201803/30/canguanshudian-003.jpg');
INSERT INTO `picturedata` VALUES (6, 'http://img.ivsky.com/img/tupian/pre/201803/30/canguanshudian-004.jpg');
INSERT INTO `picturedata` VALUES (6, 'http://img.ivsky.com/img/tupian/pre/201803/30/canguanshudian-005.jpg');
INSERT INTO `picturedata` VALUES (6, 'http://img.ivsky.com/img/tupian/pre/201803/30/canguanshudian-006.jpg');
INSERT INTO `picturedata` VALUES (6, 'http://img.ivsky.com/img/tupian/pre/201803/30/canguanshudian-007.jpg');
INSERT INTO `picturedata` VALUES (7, 'http://img.ivsky.com/img/tupian/pre/201804/25/huanxiao_nvhai-002.jpg');
INSERT INTO `picturedata` VALUES (7, 'http://img.ivsky.com/img/tupian/pre/201804/25/huanxiao_nvhai-003.jpg');
INSERT INTO `picturedata` VALUES (7, 'http://img.ivsky.com/img/tupian/pre/201804/25/huanxiao_nvhai-004.jpg');
INSERT INTO `picturedata` VALUES (7, 'http://img.ivsky.com/img/tupian/pre/201804/25/huanxiao_nvhai-005.jpg');
INSERT INTO `picturedata` VALUES (7, 'http://img.ivsky.com/img/tupian/pre/201804/25/huanxiao_nvhai-006.jpg');
INSERT INTO `picturedata` VALUES (7, 'http://img.ivsky.com/img/tupian/pre/201804/25/huanxiao_nvhai-007.jpg');
INSERT INTO `picturedata` VALUES (7, 'http://img.ivsky.com/img/tupian/pre/201804/25/huanxiao_nvhai-008.jpg');
INSERT INTO `picturedata` VALUES (8, 'http://img.ivsky.com/img/tupian/pre/201804/30/zuoyuanyi_de_meinv-001.jpg');
INSERT INTO `picturedata` VALUES (8, 'http://img.ivsky.com/img/tupian/pre/201804/30/zuoyuanyi_de_meinv-002.jpg');
INSERT INTO `picturedata` VALUES (8, 'http://img.ivsky.com/img/tupian/pre/201804/30/zuoyuanyi_de_meinv-003.jpg');
INSERT INTO `picturedata` VALUES (8, 'http://img.ivsky.com/img/tupian/pre/201804/30/zuoyuanyi_de_meinv-004.jpg');
INSERT INTO `picturedata` VALUES (8, 'http://img.ivsky.com/img/tupian/pre/201804/30/zuoyuanyi_de_meinv-005.jpg');
INSERT INTO `picturedata` VALUES (8, 'http://img.ivsky.com/img/tupian/pre/201804/30/zuoyuanyi_de_meinv-006.jpg');
INSERT INTO `picturedata` VALUES (8, 'http://img.ivsky.com/img/tupian/pre/201804/30/zuoyuanyi_de_meinv-007.jpg');
INSERT INTO `picturedata` VALUES (8, 'http://img.ivsky.com/img/tupian/pre/201804/30/zuoyuanyi_de_meinv-008.jpg');
INSERT INTO `picturedata` VALUES (9, 'http://img.ivsky.com/img/tupian/pre/201804/06/maozi_nvhai-002.jpg');
INSERT INTO `picturedata` VALUES (9, 'http://img.ivsky.com/img/tupian/pre/201804/06/maozi_nvhai-003.jpg');
INSERT INTO `picturedata` VALUES (9, 'http://img.ivsky.com/img/tupian/pre/201804/06/maozi_nvhai-004.jpg');
INSERT INTO `picturedata` VALUES (9, 'http://img.ivsky.com/img/tupian/pre/201804/06/maozi_nvhai-005.jpg');
INSERT INTO `picturedata` VALUES (9, 'http://img.ivsky.com/img/tupian/pre/201804/06/maozi_nvhai-006.jpg');
INSERT INTO `picturedata` VALUES (9, 'http://img.ivsky.com/img/tupian/pre/201804/06/maozi_nvhai-007.jpg');
INSERT INTO `picturedata` VALUES (9, 'http://img.ivsky.com/img/tupian/pre/201804/06/maozi_nvhai-008.jpg');
INSERT INTO `picturedata` VALUES (9, 'http://img.ivsky.com/img/tupian/pre/201804/06/maozi_nvhai-009.jpg');

-- ----------------------------
-- Table structure for picturelist
-- ----------------------------
DROP TABLE IF EXISTS `picturelist`;
CREATE TABLE `picturelist`  (
  `picture_id` int(11) NOT NULL AUTO_INCREMENT,
  `title` varchar(255) CHARACTER SET utf8 COLLATE utf8_general_ci NULL DEFAULT NULL,
  `img_url` varchar(255) CHARACTER SET utf8 COLLATE utf8_general_ci NULL DEFAULT NULL,
  `zhaiyao` varchar(255) CHARACTER SET utf8 COLLATE utf8_general_ci NULL DEFAULT NULL,
  `cat_id` int(11) NULL DEFAULT NULL,
  `add_time` datetime(0) NULL DEFAULT NULL,
  `click` int(11) NULL DEFAULT NULL,
  PRIMARY KEY (`picture_id`) USING BTREE
) ENGINE = InnoDB AUTO_INCREMENT = 10 CHARACTER SET = utf8 COLLATE = utf8_general_ci ROW_FORMAT = Dynamic;

-- ----------------------------
-- Records of picturelist
-- ----------------------------
INSERT INTO `picturelist` VALUES (1, '唯美新疆自然风景桌面壁纸', 'http://img.ivsky.com/img/bizhi/pre/201809/28/xinjiang.jpg', '新疆省是举世闻名的歌舞之乡、瓜果之乡、黄金玉石之邦。新疆幅员辽阔，地大物博，山川壮丽，瀚海无垠，古迹遍地，民族众多，民俗奇异。', 2, '2018-11-06 16:36:21', 2);
INSERT INTO `picturelist` VALUES (2, '漆黑如墨的乌鸦图片', 'http://img.ivsky.com/img/tupian/pre/201805/06/qihei_wuya.jpg', '乌鸦，是雀形目鸦科数种黑色鸟类的俗称。又叫老鸹，嘴大喜欢鸣叫，性情凶猛。为雀形目鸟类中个体最大的，体长400～490毫米。\r\n\r\n羽毛大多黑色或黑白两色，长喙，有的有鲜明的白色颈圈，黑羽具紫蓝色金属光泽;翅远长于尾;嘴、腿及脚纯黑色。乌鸦共36种，分布几乎遍及全球。中国有7种，大多为留鸟。 ', 2, '2018-11-08 18:36:25', 4);
INSERT INTO `picturelist` VALUES (3, '清新的茉莉花图片', 'http://img.ivsky.com/img/tupian/pre/201805/06/qingxin_molihua.jpg', '茉莉花，别名：茉莉，拉丁文名：Jasminum sambac (L.) Ait，木犀科、素馨属直立或攀援灌木，高达3米。小枝圆柱形或稍压扁状，有时中空，疏被柔毛。叶对生，单叶，叶片纸质，圆形、椭圆形、卵状椭圆形或倒卵形，两端圆或钝，基部有时微心形，在上面稍凹入或凹起，下面凸起，细脉在两面常明显，微凸起，除下面脉腋间常具簇毛外，其余无毛;裂片长圆形至近圆形，先端圆或钝。果球形，呈紫黑色。花期5-8月，果期7-9月。', 2, '2018-11-24 00:36:28', 7);
INSERT INTO `picturelist` VALUES (4, '现代简约风格家装设计图片', 'http://img.ivsky.com/img/tupian/pre/201804/05/xiandai_fengge.jpg', '现代简约风格家装设计图片一组，现代简约风格家装设计图片一组，现代简约风格家装设计图片一组现代简约风格家装设计图片一组现代简约风格家装设计图片一组现代简约风格家装设计图片一组，现代简约风格家装设计图片一组，现代简约风格家装设计图片一组，现代简约风格家装设计图片一组', 1, '2018-11-19 16:36:37', 5);
INSERT INTO `picturelist` VALUES (5, '日本餐厅内部陈设图片', 'http://img.ivsky.com/img/tupian/pre/201804/05/riben_canting.jpg', '日本餐厅内部陈设图片一组，日本餐厅内部陈设图片一组，日本餐厅内部陈设图片一组，日本餐厅内部陈设图片一组，日本餐厅内部陈设图片一组，日本餐厅内部陈设图片一组，日本餐厅内部陈设图片一组，日本餐厅内部陈设图片一组，日本餐厅内部陈设图片一组，日本餐厅内部陈设图片一组', 1, '2018-11-02 16:36:39', 5);
INSERT INTO `picturelist` VALUES (6, '参观书店的图片', 'http://img.ivsky.com/img/tupian/pre/201803/30/canguanshudian.jpg', '古代的书店引叫书肆。书肆一词，最早始于汉代。此外各朝代还有书林、书铺、书棚、书堂、书屋、书籍铺、书经籍铺等名称，它既刻书又卖书，这些名号，除统称书肆外，宋代以后统称为书坊。书店一名，最早见于清明乾隆年间。', 1, '2018-11-21 21:36:43', 7);
INSERT INTO `picturelist` VALUES (7, '欢笑的女孩图片', 'http://img.ivsky.com/img/tupian/pre/201804/25/huanxiao_nvhai-001.jpg', ' 欢笑是指快活地笑，因为高兴，快乐，兴奋等。 欢笑是指快活地笑，因为高兴，快乐，兴奋等。 欢笑是指快活地笑，因为高兴，快乐，兴奋等。 欢笑是指快活地笑，因为高兴，快乐，兴奋等。 欢笑是指快活地笑，因为高兴，快乐，兴奋等。 欢笑是指快活地笑，因为高兴，快乐，兴奋等。 欢笑是指快活地笑，因为高兴，快乐，兴奋等。 欢笑是指快活地笑，因为高兴，快乐，兴奋等。 欢笑是指快活地笑，因为高兴，快乐，兴奋等。', 3, '2018-11-22 16:36:49', 5);
INSERT INTO `picturelist` VALUES (8, '做园艺的美女图片', 'http://img.ivsky.com/img/tupian/pre/201804/30/zuoyuanyi_de_meinv.jpg', '园艺植物色彩对人生理、心理的影响。红色可刺激神经系统，增加肾上腺分泌、促进血液循环;橙黄色有助于克服疲劳和抑郁，并能消除及改善紧张、犹豫、惊恐和害怕的情绪。', 3, '2018-11-20 20:36:53', 7);
INSERT INTO `picturelist` VALUES (9, '戴帽子的女孩图片', 'http://img.ivsky.com/img/tupian/pre/201804/06/maozi_nvhai-002.jpg', '女孩泛指年轻的女性人类。指从一个婴儿变成一名成年女人的过渡阶段，在不同的社会各不相同，但基本上都认为是青少年期至成年期的转变，年龄通常在0岁至22岁之间。', 3, '2018-11-19 18:36:58', 2);

SET FOREIGN_KEY_CHECKS = 1;
